timestamp,reason,text
2025-04-06 13:27:43,Non-English,Application Link inside! ﻿ ͏ ﻿ ͏ ﻿ ͏ ﻿ ͏ ﻿ ͏ ﻿ ͏ ﻿ ͏ ﻿ ͏ ﻿ ͏ ﻿ ͏ ﻿ ͏ ﻿ ͏ ﻿ ͏ ﻿ ͏ ﻿ ͏ ﻿ ͏ ﻿ ͏ ﻿ ͏ ﻿ ͏ ﻿ ͏ ﻿ ͏ ﻿ ͏ ﻿ ͏ ﻿ ͏ ﻿ ͏ ﻿ ͏ ﻿ ͏ ﻿ ͏ ﻿ ͏ ﻿ ͏ ﻿ ͏ ﻿ ͏ ﻿ ͏ ﻿ ͏ ﻿ ͏ ﻿ ͏ ﻿ ͏ ﻿ ͏ ﻿ ͏ ﻿ ͏ ﻿ ͏ ﻿ ͏ ﻿ ͏ ﻿ ͏
2025-04-06 13:27:43,Non-English,Applications closing soon ﻿ ͏ ﻿ ͏ ﻿ ͏ ﻿ ͏ ﻿ ͏ ﻿ ͏ ﻿ ͏ ﻿ ͏ ﻿ ͏ ﻿ ͏ ﻿ ͏ ﻿ ͏ ﻿ ͏ ﻿ ͏ ﻿ ͏ ﻿ ͏ ﻿ ͏ ﻿ ͏ ﻿ ͏ ﻿ ͏ ﻿ ͏ ﻿ ͏ ﻿ ͏ ﻿ ͏ ﻿ ͏ ﻿ ͏ ﻿ ͏ ﻿ ͏ ﻿ ͏ ﻿ ͏ ﻿ ͏ ﻿ ͏ ﻿ ͏ ﻿ ͏ ﻿ ͏ ﻿ ͏ ﻿ ͏ ﻿ ͏ ﻿ ͏ ﻿ ͏ ﻿ ͏ ﻿ ͏ ﻿ ͏ ﻿ ͏
2025-04-06 13:27:43,Non-English,"Cleaning, repairs &amp; more. ﻿ ͏ ﻿ ͏ ﻿ ͏ ﻿ ͏ ﻿ ͏ ﻿ ͏ ﻿ ͏ ﻿ ͏ ﻿ ͏ ﻿ ͏ ﻿ ͏ ﻿ ͏ ﻿ ͏ ﻿ ͏ ﻿ ͏ ﻿ ͏ ﻿ ͏ ﻿ ͏ ﻿ ͏ ﻿ ͏ ﻿ ͏ ﻿ ͏ ﻿ ͏ ﻿ ͏ ﻿ ͏ ﻿ ͏ ﻿ ͏ ﻿ ͏ ﻿ ͏ ﻿ ͏ ﻿ ͏ ﻿ ͏ ﻿ ͏ ﻿ ͏ ﻿ ͏ ﻿ ͏ ﻿ ͏ ﻿ ͏ ﻿ ͏ ﻿ ͏ ﻿ ͏ ﻿ ͏ ﻿ ͏"
2025-04-06 13:27:43,Non-English,"Cleaning, repairs &amp; more. ﻿ ͏ ﻿ ͏ ﻿ ͏ ﻿ ͏ ﻿ ͏ ﻿ ͏ ﻿ ͏ ﻿ ͏ ﻿ ͏ ﻿ ͏ ﻿ ͏ ﻿ ͏ ﻿ ͏ ﻿ ͏ ﻿ ͏ ﻿ ͏ ﻿ ͏ ﻿ ͏ ﻿ ͏ ﻿ ͏ ﻿ ͏ ﻿ ͏ ﻿ ͏ ﻿ ͏ ﻿ ͏ ﻿ ͏ ﻿ ͏ ﻿ ͏ ﻿ ͏ ﻿ ͏ ﻿ ͏ ﻿ ͏ ﻿ ͏ ﻿ ͏ ﻿ ͏ ﻿ ͏ ﻿ ͏ ﻿ ͏ ﻿ ͏ ﻿ ͏ ﻿ ͏ ﻿ ͏ ﻿ ͏"
2025-04-06 13:27:43,Non-English,Postulez aux offres publiées par Amazon Data Services France SAS et Amazon EU SARL (FR) ‌ ‌ ‌ ‌ ‌ ‌ ‌ ‌ ‌ ‌ ‌ ‌ ‌ ‌ ‌ ‌ ‌ ‌ ‌ ‌ ‌ ‌ ‌ ‌ ‌ ‌ ‌ ‌ ‌ ‌ ‌ ‌ ‌ ‌ ‌ ‌ ‌ ‌ ‌ ‌ ‌ ‌ ‌ ‌ ‌ ‌ ‌ ‌ ‌ ‌ ‌ ‌ ‌ ‌ ‌ ‌ ‌
2025-04-06 13:27:43,Non-English,You have 2 new messages ͏ ͏ ͏ ͏ ͏ ͏ ͏ ͏ ͏ ͏ ͏ ͏ ͏ ͏ ͏ ͏ ͏ ͏ ͏ ͏ ͏ ͏ ͏ ͏ ͏ ͏ ͏ ͏ ͏ ͏ ͏ ͏ ͏ ͏ ͏ ͏ ͏ ͏ ͏ ͏ ͏ ͏ ͏ ͏ ͏ ͏ ͏ ͏ ͏ ͏ ͏ ͏ ͏ ͏ ͏ ͏ ͏ ͏ ͏ ͏ ͏ ͏ ͏ ͏ ͏ ͏ ͏ ͏ ͏ ͏ ͏ ͏ ͏ ͏ ͏ ͏ ͏ ͏ ͏ ͏ ͏ ͏ ͏ ͏ ͏ ͏ ͏ ͏ ͏
2025-04-06 13:27:43,Non-English,Members get an extra 5% off sitewide* ‌ ‌ ‌ ‌ ‌ ‌ ‌ ‌ ‌ ‌ ‌ ‌ ‌ ‌ ‌ ‌ ‌ ‌ ‌ ‌ ‌ ‌ ‌ ‌ ‌ ‌ ‌ ‌ ‌ ‌ ‌ ‌ ‌ ‌ ‌ ‌ ‌ ‌ ‌ ‌ ‌ ‌ ‌ ‌ ‌ ‌ ‌ ‌ ‌ ‌ ‌ ‌ ‌ ‌ ‌ ‌ ‌ ‌ ‌ ‌ ‌ ‌ ‌ ‌ ‌ ‌ ‌ ‌ ‌ ‌ ‌ ‌ ‌ ‌ ‌ ‌ ‌ ‌ ‌ ‌ ‌ ‌
2025-04-06 13:27:43,Non-English,"Avinash, check out the latest trending posts from the community 🔥 ‌​‍‎‏﻿ ‌​‍‎‏﻿ ‌​‍‎‏﻿ ‌​‍‎‏﻿ ‌​‍‎‏﻿ ‌​‍‎‏﻿ ‌​‍‎‏﻿ ‌​‍‎‏﻿ ‌​‍‎‏﻿ ‌​‍‎‏﻿ ‌​‍‎‏﻿ ‌​‍‎‏﻿ ‌​‍‎‏﻿ ‌​‍‎‏﻿ ‌​‍‎‏﻿ ‌​‍‎‏﻿ ‌​‍‎‏﻿ ‌​‍‎‏﻿ ‌​‍‎‏﻿ ‌​"
2025-04-06 13:27:43,Non-English,Posted on 4/3/2025 ͏ ͏ ͏ ͏ ͏ ͏ ͏ ͏ ͏ ͏ ͏ ͏ ͏ ͏ ͏ ͏ ͏ ͏ ͏ ͏ ͏ ͏ ͏ ͏ ͏ ͏ ͏ ͏ ͏ ͏ ͏ ͏ ͏ ͏ ͏ ͏ ͏ ͏ ͏ ͏ ͏ ͏ ͏ ͏ ͏ ͏ ͏ ͏ ͏ ͏ ͏ ͏ ͏ ͏ ͏ ͏ ͏ ͏ ͏ ͏ ͏ ͏ ͏ ͏ ͏ ͏ ͏ ͏ ͏ ͏ ͏ ͏ ͏ ͏ ͏ ͏ ͏ ͏ ͏ ͏ ͏ ͏ ͏ ͏ ͏ ͏ ͏ ͏ ͏ ͏ ͏
2025-04-06 13:27:43,Non-English,Hiring now! ﻿ ͏ ﻿ ͏ ﻿ ͏ ﻿ ͏ ﻿ ͏ ﻿ ͏ ﻿ ͏ ﻿ ͏ ﻿ ͏ ﻿ ͏ ﻿ ͏ ﻿ ͏ ﻿ ͏ ﻿ ͏ ﻿ ͏ ﻿ ͏ ﻿ ͏ ﻿ ͏ ﻿ ͏ ﻿ ͏ ﻿ ͏ ﻿ ͏ ﻿ ͏ ﻿ ͏ ﻿ ͏ ﻿ ͏ ﻿ ͏ ﻿ ͏ ﻿ ͏ ﻿ ͏ ﻿ ͏ ﻿ ͏ ﻿ ͏ ﻿ ͏ ﻿ ͏ ﻿ ͏ ﻿ ͏ ﻿ ͏ ﻿ ͏ ﻿ ͏ ﻿ ͏ ﻿ ͏ ﻿ ͏ ﻿ ͏ ﻿ ͏ ﻿ ͏ ﻿ ͏ ﻿
2025-04-06 13:27:43,Non-English,"Avinash Mynampati, apply today! ﻿ ͏ ﻿ ͏ ﻿ ͏ ﻿ ͏ ﻿ ͏ ﻿ ͏ ﻿ ͏ ﻿ ͏ ﻿ ͏ ﻿ ͏ ﻿ ͏ ﻿ ͏ ﻿ ͏ ﻿ ͏ ﻿ ͏ ﻿ ͏ ﻿ ͏ ﻿ ͏ ﻿ ͏ ﻿ ͏ ﻿ ͏ ﻿ ͏ ﻿ ͏ ﻿ ͏ ﻿ ͏ ﻿ ͏ ﻿ ͏ ﻿ ͏ ﻿ ͏ ﻿ ͏ ﻿ ͏ ﻿ ͏ ﻿ ͏ ﻿ ͏ ﻿ ͏ ﻿ ͏ ﻿ ͏ ﻿ ͏ ﻿ ͏ ﻿ ͏ ﻿ ͏ ﻿ ͏ ﻿"
2025-04-06 13:27:43,Non-English,"Postulez aux offres publiées par Amazon Data Services France SAS, Amazon France Services SaS et Amazon France Transport SAS ‌ ‌ ‌ ‌ ‌ ‌ ‌ ‌ ‌ ‌ ‌ ‌ ‌ ‌ ‌ ‌ ‌ ‌ ‌ ‌ ‌ ‌ ‌ ‌ ‌ ‌ ‌ ‌ ‌ ‌ ‌ ‌ ‌ ‌ ‌ ‌ ‌ ‌ ‌"
2025-04-06 13:27:43,Non-English,"Avinash Mynampati, application link inside. ﻿ ͏ ﻿ ͏ ﻿ ͏ ﻿ ͏ ﻿ ͏ ﻿ ͏ ﻿ ͏ ﻿ ͏ ﻿ ͏ ﻿ ͏ ﻿ ͏ ﻿ ͏ ﻿ ͏ ﻿ ͏ ﻿ ͏ ﻿ ͏ ﻿ ͏ ﻿ ͏ ﻿ ͏ ﻿ ͏ ﻿ ͏ ﻿ ͏ ﻿ ͏ ﻿ ͏ ﻿ ͏ ﻿ ͏ ﻿ ͏ ﻿ ͏ ﻿ ͏ ﻿ ͏ ﻿ ͏ ﻿ ͏ ﻿ ͏ ﻿ ͏ ﻿ ͏ ﻿ ͏ ﻿ ͏ ﻿ ͏ ﻿ ͏ ﻿"
2025-04-06 13:27:43,Non-English,2 new messages await your response ͏ ͏ ͏ ͏ ͏ ͏ ͏ ͏ ͏ ͏ ͏ ͏ ͏ ͏ ͏ ͏ ͏ ͏ ͏ ͏ ͏ ͏ ͏ ͏ ͏ ͏ ͏ ͏ ͏ ͏ ͏ ͏ ͏ ͏ ͏ ͏ ͏ ͏ ͏ ͏ ͏ ͏ ͏ ͏ ͏ ͏ ͏ ͏ ͏ ͏ ͏ ͏ ͏ ͏ ͏ ͏ ͏ ͏ ͏ ͏ ͏ ͏ ͏ ͏ ͏ ͏ ͏ ͏ ͏ ͏ ͏ ͏ ͏ ͏ ͏ ͏ ͏ ͏ ͏ ͏ ͏ ͏ ͏
2025-04-06 13:27:43,Non-English,Accédez aux certificats technologiques premium des leaders du secteur avec Microsoft ͏ ‌ ﻿ ͏ ‌ ﻿ ͏ ‌ ﻿ ͏ ‌ ﻿ ͏ ‌ ﻿ ͏ ‌ ﻿ ͏ ‌ ﻿ ͏ ‌ ﻿ ͏ ‌ ﻿ ͏ ‌ ﻿ ͏ ‌ ﻿ ͏ ‌ ﻿ ͏ ‌ ﻿ ͏ ‌ ﻿ ͏ ‌ ﻿ ͏ ‌ ﻿ ͏ ‌ ﻿ ͏ ‌ ﻿ ͏ ‌ ﻿ ͏
2025-04-06 13:27:43,Non-English,2 new messages await your response ͏ ͏ ͏ ͏ ͏ ͏ ͏ ͏ ͏ ͏ ͏ ͏ ͏ ͏ ͏ ͏ ͏ ͏ ͏ ͏ ͏ ͏ ͏ ͏ ͏ ͏ ͏ ͏ ͏ ͏ ͏ ͏ ͏ ͏ ͏ ͏ ͏ ͏ ͏ ͏ ͏ ͏ ͏ ͏ ͏ ͏ ͏ ͏ ͏ ͏ ͏ ͏ ͏ ͏ ͏ ͏ ͏ ͏ ͏ ͏ ͏ ͏ ͏ ͏ ͏ ͏ ͏ ͏ ͏ ͏ ͏ ͏ ͏ ͏ ͏ ͏ ͏ ͏ ͏ ͏ ͏ ͏ ͏
2025-04-06 13:27:43,Non-English,"Avinash Mynampati, view details. ﻿ ͏ ﻿ ͏ ﻿ ͏ ﻿ ͏ ﻿ ͏ ﻿ ͏ ﻿ ͏ ﻿ ͏ ﻿ ͏ ﻿ ͏ ﻿ ͏ ﻿ ͏ ﻿ ͏ ﻿ ͏ ﻿ ͏ ﻿ ͏ ﻿ ͏ ﻿ ͏ ﻿ ͏ ﻿ ͏ ﻿ ͏ ﻿ ͏ ﻿ ͏ ﻿ ͏ ﻿ ͏ ﻿ ͏ ﻿ ͏ ﻿ ͏ ﻿ ͏ ﻿ ͏ ﻿ ͏ ﻿ ͏ ﻿ ͏ ﻿ ͏ ﻿ ͏ ﻿ ͏ ﻿ ͏ ﻿ ͏ ﻿ ͏ ﻿ ͏ ﻿ ͏ ﻿ ͏"
2025-04-06 13:27:43,Non-English,Insider strategies to crack DA interviews ͏ ‌ ﻿ ͏ ‌ ﻿ ͏ ‌ ﻿ ͏ ‌ ﻿ ͏ ‌ ﻿ ͏ ‌ ﻿ ͏ ‌ ﻿ ͏ ‌ ﻿ ͏ ‌ ﻿ ͏ ‌ ﻿ ͏ ‌ ﻿ ͏ ‌ ﻿ ͏ ‌ ﻿ ͏ ‌ ﻿ ͏ ‌ ﻿ ͏ ‌ ﻿ ͏ ‌ ﻿ ͏ ‌ ﻿ ͏ ‌ ﻿ ͏ ‌ ﻿ ͏ ‌ ﻿ ͏ ‌ ﻿ ͏ ‌ ﻿ ͏ ‌ ﻿ ͏ ‌ ﻿ ͏ ‌ ﻿ ͏ ‌
2025-04-06 13:27:43,Non-English,Infosys Data Analyst: Primary skills:Technology-&gt;Big Data-&gt;Big Data -… ͏ ͏ ͏ ͏ ͏ ͏ ͏ ͏ ͏ ͏ ͏ ͏ ͏ ͏ ͏ ͏ ͏ ͏ ͏ ͏ ͏ ͏ ͏ ͏ ͏ ͏ ͏ ͏ ͏ ͏ ͏ ͏ ͏ ͏ ͏ ͏ ͏ ͏ ͏ ͏ ͏ ͏ ͏ ͏ ͏ ͏ ͏ ͏ ͏ ͏ ͏ ͏ ͏ ͏ ͏ ͏ ͏ ͏ ͏ ͏ ͏ ͏
2025-04-06 13:27:43,Non-English,Insider strategies to crack DA interviews ͏ ‌ ﻿ ͏ ‌ ﻿ ͏ ‌ ﻿ ͏ ‌ ﻿ ͏ ‌ ﻿ ͏ ‌ ﻿ ͏ ‌ ﻿ ͏ ‌ ﻿ ͏ ‌ ﻿ ͏ ‌ ﻿ ͏ ‌ ﻿ ͏ ‌ ﻿ ͏ ‌ ﻿ ͏ ‌ ﻿ ͏ ‌ ﻿ ͏ ‌ ﻿ ͏ ‌ ﻿ ͏ ‌ ﻿ ͏ ‌ ﻿ ͏ ‌ ﻿ ͏ ‌ ﻿ ͏ ‌ ﻿ ͏ ‌ ﻿ ͏ ‌ ﻿ ͏ ‌ ﻿ ͏ ‌ ﻿ ͏ ‌
2025-04-06 13:27:43,Non-English,1 new message awaits your response ͏ ͏ ͏ ͏ ͏ ͏ ͏ ͏ ͏ ͏ ͏ ͏ ͏ ͏ ͏ ͏ ͏ ͏ ͏ ͏ ͏ ͏ ͏ ͏ ͏ ͏ ͏ ͏ ͏ ͏ ͏ ͏ ͏ ͏ ͏ ͏ ͏ ͏ ͏ ͏ ͏ ͏ ͏ ͏ ͏ ͏ ͏ ͏ ͏ ͏ ͏ ͏ ͏ ͏ ͏ ͏ ͏ ͏ ͏ ͏ ͏ ͏ ͏ ͏ ͏ ͏ ͏ ͏ ͏ ͏ ͏ ͏ ͏ ͏ ͏ ͏ ͏ ͏ ͏ ͏ ͏ ͏ ͏
2025-04-06 13:27:43,Non-English,End-to-end assistance with Tenant Plans✅ ﻿ ͏ ﻿ ͏ ﻿ ͏ ﻿ ͏ ﻿ ͏ ﻿ ͏ ﻿ ͏ ﻿ ͏ ﻿ ͏ ﻿ ͏ ﻿ ͏ ﻿ ͏ ﻿ ͏ ﻿ ͏ ﻿ ͏ ﻿ ͏ ﻿ ͏ ﻿ ͏ ﻿ ͏ ﻿ ͏ ﻿ ͏ ﻿ ͏ ﻿ ͏ ﻿ ͏ ﻿ ͏ ﻿ ͏ ﻿ ͏ ﻿ ͏ ﻿ ͏ ﻿ ͏ ﻿ ͏ ﻿ ͏ ﻿ ͏ ﻿ ͏ ﻿ ͏ ﻿ ͏ ﻿ ͏ ﻿ ͏ ﻿ ͏ ﻿ ͏
2025-04-06 13:27:43,Non-English,End-to-end assistance with Tenant Plans✅ ﻿ ͏ ﻿ ͏ ﻿ ͏ ﻿ ͏ ﻿ ͏ ﻿ ͏ ﻿ ͏ ﻿ ͏ ﻿ ͏ ﻿ ͏ ﻿ ͏ ﻿ ͏ ﻿ ͏ ﻿ ͏ ﻿ ͏ ﻿ ͏ ﻿ ͏ ﻿ ͏ ﻿ ͏ ﻿ ͏ ﻿ ͏ ﻿ ͏ ﻿ ͏ ﻿ ͏ ﻿ ͏ ﻿ ͏ ﻿ ͏ ﻿ ͏ ﻿ ͏ ﻿ ͏ ﻿ ͏ ﻿ ͏ ﻿ ͏ ﻿ ͏ ﻿ ͏ ﻿ ͏ ﻿ ͏ ﻿ ͏ ﻿ ͏ ﻿ ͏
2025-04-06 13:27:43,Non-English,"Avinash Mynampati, preparation link inside. ﻿ ͏ ﻿ ͏ ﻿ ͏ ﻿ ͏ ﻿ ͏ ﻿ ͏ ﻿ ͏ ﻿ ͏ ﻿ ͏ ﻿ ͏ ﻿ ͏ ﻿ ͏ ﻿ ͏ ﻿ ͏ ﻿ ͏ ﻿ ͏ ﻿ ͏ ﻿ ͏ ﻿ ͏ ﻿ ͏ ﻿ ͏ ﻿ ͏ ﻿ ͏ ﻿ ͏ ﻿ ͏ ﻿ ͏ ﻿ ͏ ﻿ ͏ ﻿ ͏ ﻿ ͏ ﻿ ͏ ﻿ ͏ ﻿ ͏ ﻿ ͏ ﻿ ͏ ﻿ ͏ ﻿ ͏ ﻿ ͏ ﻿ ͏ ﻿"
2025-04-06 13:27:43,Non-English,Latest job opportunities in your field. ﻿ ͏ ﻿ ͏ ﻿ ͏ ﻿ ͏ ﻿ ͏ ﻿ ͏ ﻿ ͏ ﻿ ͏ ﻿ ͏ ﻿ ͏ ﻿ ͏ ﻿ ͏ ﻿ ͏ ﻿ ͏ ﻿ ͏ ﻿ ͏ ﻿ ͏ ﻿ ͏ ﻿ ͏ ﻿ ͏ ﻿ ͏ ﻿ ͏ ﻿ ͏ ﻿ ͏ ﻿ ͏ ﻿ ͏ ﻿ ͏ ﻿ ͏ ﻿ ͏ ﻿ ͏ ﻿ ͏ ﻿ ͏ ﻿ ͏ ﻿ ͏ ﻿ ͏ ﻿ ͏ ﻿ ͏ ﻿ ͏ ﻿ ͏ ﻿ ͏ ﻿
2025-04-06 13:27:43,Non-English,"Postulez aux offres publiées par Amazon France Services SaS, Amazon France Transport SAS et Amazon Data Services France SAS ‌ ‌ ‌ ‌ ‌ ‌ ‌ ‌ ‌ ‌ ‌ ‌ ‌ ‌ ‌ ‌ ‌ ‌ ‌ ‌ ‌ ‌ ‌ ‌ ‌ ‌ ‌ ‌ ‌ ‌ ‌ ‌ ‌ ‌ ‌ ‌ ‌ ‌ ‌"
2025-04-06 13:27:43,Non-English,See new openings ‌ ‌ ‌ ‌ ‌ ‌ ‌ ‌ ‌ ‌ ‌ ‌ ‌ ‌ ‌ ‌ ‌ ‌ ‌ ‌ ‌ ‌ ‌ ‌ ‌ ‌ ‌ ‌ ‌ ‌ ‌ ‌ ‌ ‌ ‌ ‌ ‌ ‌ ‌ ‌ ‌ ‌ ‌ ‌ ‌ ‌ ‌ ‌ ‌ ‌ ‌ ‌ ‌ ‌ ‌ ‌ ‌ ‌ ‌ ‌ ‌ ‌ ‌ ‌ ‌ ‌ ‌ ‌ ‌ ‌ ‌ ‌ ‌ ‌ ‌ ‌ ‌ ‌ ‌ ‌ ‌ ‌ ‌ ‌ ‌ ‌ ‌ ‌ ‌ ‌ ‌ ‌
2025-04-06 13:27:43,Non-English,Explore new picks for your next project. ‌ ‌ ‌ ‌ ‌ ‌ ‌ ‌ ‌ ‌ ‌ ‌ ‌ ‌ ‌ ‌ ‌ ‌ ‌ ‌ ‌ ‌ ‌ ‌ ‌ ‌ ‌ ‌ ‌ ‌ ‌ ‌ ‌ ‌ ‌ ‌ ‌ ‌ ‌ ‌ ‌ ‌ ‌ ‌ ‌ ‌ ‌ ‌ ‌ ‌ ‌ ‌ ‌ ‌ ‌ ‌ ‌ ‌ ‌ ‌ ‌ ‌ ‌ ‌ ‌ ‌ ‌ ‌ ‌ ‌ ‌ ‌ ‌ ‌ ‌ ‌ ‌ ‌ ‌ ‌
2025-04-06 13:27:43,Non-English,"Avinash Mynampati, application link inside. ﻿ ͏ ﻿ ͏ ﻿ ͏ ﻿ ͏ ﻿ ͏ ﻿ ͏ ﻿ ͏ ﻿ ͏ ﻿ ͏ ﻿ ͏ ﻿ ͏ ﻿ ͏ ﻿ ͏ ﻿ ͏ ﻿ ͏ ﻿ ͏ ﻿ ͏ ﻿ ͏ ﻿ ͏ ﻿ ͏ ﻿ ͏ ﻿ ͏ ﻿ ͏ ﻿ ͏ ﻿ ͏ ﻿ ͏ ﻿ ͏ ﻿ ͏ ﻿ ͏ ﻿ ͏ ﻿ ͏ ﻿ ͏ ﻿ ͏ ﻿ ͏ ﻿ ͏ ﻿ ͏ ﻿ ͏ ﻿ ͏ ﻿ ͏ ﻿"
2025-04-06 13:27:43,Non-English,Posted on 4/1/2025 ͏ ͏ ͏ ͏ ͏ ͏ ͏ ͏ ͏ ͏ ͏ ͏ ͏ ͏ ͏ ͏ ͏ ͏ ͏ ͏ ͏ ͏ ͏ ͏ ͏ ͏ ͏ ͏ ͏ ͏ ͏ ͏ ͏ ͏ ͏ ͏ ͏ ͏ ͏ ͏ ͏ ͏ ͏ ͏ ͏ ͏ ͏ ͏ ͏ ͏ ͏ ͏ ͏ ͏ ͏ ͏ ͏ ͏ ͏ ͏ ͏ ͏ ͏ ͏ ͏ ͏ ͏ ͏ ͏ ͏ ͏ ͏ ͏ ͏ ͏ ͏ ͏ ͏ ͏ ͏ ͏ ͏ ͏ ͏ ͏ ͏ ͏ ͏ ͏ ͏ ͏
2025-04-06 13:27:43,Non-English,Check out how to get even more impressions! ͏ ͏ ͏ ͏ ͏ ͏ ͏ ͏ ͏ ͏ ͏ ͏ ͏ ͏ ͏ ͏ ͏ ͏ ͏ ͏ ͏ ͏ ͏ ͏ ͏ ͏ ͏ ͏ ͏ ͏ ͏ ͏ ͏ ͏ ͏ ͏ ͏ ͏ ͏ ͏ ͏ ͏ ͏ ͏ ͏ ͏ ͏ ͏ ͏ ͏ ͏ ͏ ͏ ͏ ͏ ͏ ͏ ͏ ͏ ͏ ͏ ͏ ͏ ͏ ͏ ͏ ͏ ͏ ͏ ͏ ͏ ͏ ͏ ͏ ͏ ͏ ͏ ͏ ͏
2025-04-06 13:27:43,Non-English,Get easy home cleaning services. ﻿ ͏ ﻿ ͏ ﻿ ͏ ﻿ ͏ ﻿ ͏ ﻿ ͏ ﻿ ͏ ﻿ ͏ ﻿ ͏ ﻿ ͏ ﻿ ͏ ﻿ ͏ ﻿ ͏ ﻿ ͏ ﻿ ͏ ﻿ ͏ ﻿ ͏ ﻿ ͏ ﻿ ͏ ﻿ ͏ ﻿ ͏ ﻿ ͏ ﻿ ͏ ﻿ ͏ ﻿ ͏ ﻿ ͏ ﻿ ͏ ﻿ ͏ ﻿ ͏ ﻿ ͏ ﻿ ͏ ﻿ ͏ ﻿ ͏ ﻿ ͏ ﻿ ͏ ﻿ ͏ ﻿ ͏ ﻿ ͏ ﻿ ͏ ﻿ ͏ ﻿ ͏ ﻿ ͏
2025-04-06 13:27:43,Non-English,Get easy home cleaning services. ﻿ ͏ ﻿ ͏ ﻿ ͏ ﻿ ͏ ﻿ ͏ ﻿ ͏ ﻿ ͏ ﻿ ͏ ﻿ ͏ ﻿ ͏ ﻿ ͏ ﻿ ͏ ﻿ ͏ ﻿ ͏ ﻿ ͏ ﻿ ͏ ﻿ ͏ ﻿ ͏ ﻿ ͏ ﻿ ͏ ﻿ ͏ ﻿ ͏ ﻿ ͏ ﻿ ͏ ﻿ ͏ ﻿ ͏ ﻿ ͏ ﻿ ͏ ﻿ ͏ ﻿ ͏ ﻿ ͏ ﻿ ͏ ﻿ ͏ ﻿ ͏ ﻿ ͏ ﻿ ͏ ﻿ ͏ ﻿ ͏ ﻿ ͏ ﻿ ͏ ﻿ ͏ ﻿ ͏
2025-04-06 13:27:43,Non-English,"Avinash Mynampati, view details. ﻿ ͏ ﻿ ͏ ﻿ ͏ ﻿ ͏ ﻿ ͏ ﻿ ͏ ﻿ ͏ ﻿ ͏ ﻿ ͏ ﻿ ͏ ﻿ ͏ ﻿ ͏ ﻿ ͏ ﻿ ͏ ﻿ ͏ ﻿ ͏ ﻿ ͏ ﻿ ͏ ﻿ ͏ ﻿ ͏ ﻿ ͏ ﻿ ͏ ﻿ ͏ ﻿ ͏ ﻿ ͏ ﻿ ͏ ﻿ ͏ ﻿ ͏ ﻿ ͏ ﻿ ͏ ﻿ ͏ ﻿ ͏ ﻿ ͏ ﻿ ͏ ﻿ ͏ ﻿ ͏ ﻿ ͏ ﻿ ͏ ﻿ ͏ ﻿ ͏ ﻿ ͏ ﻿ ͏"
2025-04-06 13:27:43,Non-English,Jobs that match your background ﻿ ͏ ﻿ ͏ ﻿ ͏ ﻿ ͏ ﻿ ͏ ﻿ ͏ ﻿ ͏ ﻿ ͏ ﻿ ͏ ﻿ ͏ ﻿ ͏ ﻿ ͏ ﻿ ͏ ﻿ ͏ ﻿ ͏ ﻿ ͏ ﻿ ͏ ﻿ ͏ ﻿ ͏ ﻿ ͏ ﻿ ͏ ﻿ ͏ ﻿ ͏ ﻿ ͏ ﻿ ͏ ﻿ ͏ ﻿ ͏ ﻿ ͏ ﻿ ͏ ﻿ ͏ ﻿ ͏ ﻿ ͏ ﻿ ͏ ﻿ ͏ ﻿ ͏ ﻿ ͏ ﻿ ͏ ﻿ ͏ ﻿ ͏ ﻿ ͏ ﻿ ͏ ﻿ ͏ ﻿
2025-04-06 13:27:43,Non-English,"Postulez aux offres publiées par Amazon Data Services France SAS, Amazon Online France SAS - C82 et Amazon Online France SAS ‌ ‌ ‌ ‌ ‌ ‌ ‌ ‌ ‌ ‌ ‌ ‌ ‌ ‌ ‌ ‌ ‌ ‌ ‌ ‌ ‌ ‌ ‌ ‌ ‌ ‌ ‌ ‌ ‌ ‌ ‌ ‌ ‌ ‌ ‌ ‌ ‌ ‌"
2025-04-06 13:27:43,Non-English,Ready to learn something new? ͏ ‌ ﻿ ͏ ‌ ﻿ ͏ ‌ ﻿ ͏ ‌ ﻿ ͏ ‌ ﻿ ͏ ‌ ﻿ ͏ ‌ ﻿ ͏ ‌ ﻿ ͏ ‌ ﻿ ͏ ‌ ﻿ ͏ ‌ ﻿ ͏ ‌ ﻿ ͏ ‌ ﻿ ͏ ‌ ﻿ ͏ ‌ ﻿ ͏ ‌ ﻿ ͏ ‌ ﻿ ͏ ‌ ﻿ ͏ ‌ ﻿ ͏ ‌ ﻿ ͏ ‌ ﻿ ͏ ‌ ﻿ ͏ ‌ ﻿ ͏ ‌ ﻿ ͏ ‌ ﻿ ͏ ‌ ﻿ ͏ ‌ ﻿ ͏ ‌ ﻿ ͏ ‌
2025-04-06 13:27:43,Non-English,"Avinash Mynampati, register today! ﻿ ͏ ﻿ ͏ ﻿ ͏ ﻿ ͏ ﻿ ͏ ﻿ ͏ ﻿ ͏ ﻿ ͏ ﻿ ͏ ﻿ ͏ ﻿ ͏ ﻿ ͏ ﻿ ͏ ﻿ ͏ ﻿ ͏ ﻿ ͏ ﻿ ͏ ﻿ ͏ ﻿ ͏ ﻿ ͏ ﻿ ͏ ﻿ ͏ ﻿ ͏ ﻿ ͏ ﻿ ͏ ﻿ ͏ ﻿ ͏ ﻿ ͏ ﻿ ͏ ﻿ ͏ ﻿ ͏ ﻿ ͏ ﻿ ͏ ﻿ ͏ ﻿ ͏ ﻿ ͏ ﻿ ͏ ﻿ ͏ ﻿ ͏ ﻿ ͏ ﻿ ͏ ﻿"
2025-04-06 13:27:43,Non-English,Hiring now! ﻿ ͏ ﻿ ͏ ﻿ ͏ ﻿ ͏ ﻿ ͏ ﻿ ͏ ﻿ ͏ ﻿ ͏ ﻿ ͏ ﻿ ͏ ﻿ ͏ ﻿ ͏ ﻿ ͏ ﻿ ͏ ﻿ ͏ ﻿ ͏ ﻿ ͏ ﻿ ͏ ﻿ ͏ ﻿ ͏ ﻿ ͏ ﻿ ͏ ﻿ ͏ ﻿ ͏ ﻿ ͏ ﻿ ͏ ﻿ ͏ ﻿ ͏ ﻿ ͏ ﻿ ͏ ﻿ ͏ ﻿ ͏ ﻿ ͏ ﻿ ͏ ﻿ ͏ ﻿ ͏ ﻿ ͏ ﻿ ͏ ﻿ ͏ ﻿ ͏ ﻿ ͏ ﻿ ͏ ﻿ ͏ ﻿ ͏ ﻿ ͏ ﻿ ͏ ﻿ ͏ ﻿
2025-04-06 13:27:43,Non-English,"Postulez aux offres publiées par Amazon Data Services France SAS, Amazon Online France SAS - C82 et Amazon Online France SAS ‌ ‌ ‌ ‌ ‌ ‌ ‌ ‌ ‌ ‌ ‌ ‌ ‌ ‌ ‌ ‌ ‌ ‌ ‌ ‌ ‌ ‌ ‌ ‌ ‌ ‌ ‌ ‌ ‌ ‌ ‌ ‌ ‌ ‌ ‌ ‌ ‌ ‌"
2025-04-06 13:27:43,Non-English,Crack the preparation ﻿ ͏ ﻿ ͏ ﻿ ͏ ﻿ ͏ ﻿ ͏ ﻿ ͏ ﻿ ͏ ﻿ ͏ ﻿ ͏ ﻿ ͏ ﻿ ͏ ﻿ ͏ ﻿ ͏ ﻿ ͏ ﻿ ͏ ﻿ ͏ ﻿ ͏ ﻿ ͏ ﻿ ͏ ﻿ ͏ ﻿ ͏ ﻿ ͏ ﻿ ͏ ﻿ ͏ ﻿ ͏ ﻿ ͏ ﻿ ͏ ﻿ ͏ ﻿ ͏ ﻿ ͏ ﻿ ͏ ﻿ ͏ ﻿ ͏ ﻿ ͏ ﻿ ͏ ﻿ ͏ ﻿ ͏ ﻿ ͏ ﻿ ͏ ﻿ ͏ ﻿ ͏ ﻿ ͏ ﻿ ͏ ﻿ ͏ ﻿ ͏
2025-04-06 13:27:43,Non-English,"Valtech Business Intelligence Analyst / Data Engineer: At Valtech, We&#39;ve Got Opportunities To Offer You… ͏ ͏ ͏ ͏ ͏ ͏ ͏ ͏ ͏ ͏ ͏ ͏ ͏ ͏ ͏ ͏ ͏ ͏ ͏ ͏ ͏ ͏ ͏ ͏ ͏ ͏ ͏ ͏ ͏ ͏ ͏ ͏ ͏ ͏ ͏ ͏ ͏ ͏ ͏ ͏ ͏ ͏ ͏ ͏ ͏ ͏"
2025-04-06 13:27:43,Non-English,These are the key skills they are looking for! ͏ ‌ ﻿ ͏ ‌ ﻿ ͏ ‌ ﻿ ͏ ‌ ﻿ ͏ ‌ ﻿ ͏ ‌ ﻿ ͏ ‌ ﻿ ͏ ‌ ﻿ ͏ ‌ ﻿ ͏ ‌ ﻿ ͏ ‌ ﻿ ͏ ‌ ﻿ ͏ ‌ ﻿ ͏ ‌ ﻿ ͏ ‌ ﻿ ͏ ‌ ﻿ ͏ ‌ ﻿ ͏ ‌ ﻿ ͏ ‌ ﻿ ͏ ‌ ﻿ ͏ ‌ ﻿ ͏ ‌ ﻿ ͏ ‌ ﻿ ͏ ‌ ﻿ ͏ ‌ ﻿ ͏ ‌
2025-04-06 13:27:43,Non-English,These are the key skills they are looking for! ͏ ‌ ﻿ ͏ ‌ ﻿ ͏ ‌ ﻿ ͏ ‌ ﻿ ͏ ‌ ﻿ ͏ ‌ ﻿ ͏ ‌ ﻿ ͏ ‌ ﻿ ͏ ‌ ﻿ ͏ ‌ ﻿ ͏ ‌ ﻿ ͏ ‌ ﻿ ͏ ‌ ﻿ ͏ ‌ ﻿ ͏ ‌ ﻿ ͏ ‌ ﻿ ͏ ‌ ﻿ ͏ ‌ ﻿ ͏ ‌ ﻿ ͏ ‌ ﻿ ͏ ‌ ﻿ ͏ ‌ ﻿ ͏ ‌ ﻿ ͏ ‌ ﻿ ͏ ‌ ﻿ ͏ ‌
2025-04-06 13:27:43,Non-English,Simplify your event planning with Unstop. ﻿ ͏ ﻿ ͏ ﻿ ͏ ﻿ ͏ ﻿ ͏ ﻿ ͏ ﻿ ͏ ﻿ ͏ ﻿ ͏ ﻿ ͏ ﻿ ͏ ﻿ ͏ ﻿ ͏ ﻿ ͏ ﻿ ͏ ﻿ ͏ ﻿ ͏ ﻿ ͏ ﻿ ͏ ﻿ ͏ ﻿ ͏ ﻿ ͏ ﻿ ͏ ﻿ ͏ ﻿ ͏ ﻿ ͏ ﻿ ͏ ﻿ ͏ ﻿ ͏ ﻿ ͏ ﻿ ͏ ﻿ ͏ ﻿ ͏ ﻿ ͏ ﻿ ͏ ﻿ ͏ ﻿ ͏ ﻿ ͏ ﻿ ͏ ﻿ ͏
2025-04-06 13:27:43,Non-English,Your easy relocation awaits. ﻿ ͏ ﻿ ͏ ﻿ ͏ ﻿ ͏ ﻿ ͏ ﻿ ͏ ﻿ ͏ ﻿ ͏ ﻿ ͏ ﻿ ͏ ﻿ ͏ ﻿ ͏ ﻿ ͏ ﻿ ͏ ﻿ ͏ ﻿ ͏ ﻿ ͏ ﻿ ͏ ﻿ ͏ ﻿ ͏ ﻿ ͏ ﻿ ͏ ﻿ ͏ ﻿ ͏ ﻿ ͏ ﻿ ͏ ﻿ ͏ ﻿ ͏ ﻿ ͏ ﻿ ͏ ﻿ ͏ ﻿ ͏ ﻿ ͏ ﻿ ͏ ﻿ ͏ ﻿ ͏ ﻿ ͏ ﻿ ͏ ﻿ ͏ ﻿ ͏ ﻿ ͏ ﻿ ͏ ﻿ ͏
2025-04-06 13:27:43,Non-English,Your easy relocation awaits. ﻿ ͏ ﻿ ͏ ﻿ ͏ ﻿ ͏ ﻿ ͏ ﻿ ͏ ﻿ ͏ ﻿ ͏ ﻿ ͏ ﻿ ͏ ﻿ ͏ ﻿ ͏ ﻿ ͏ ﻿ ͏ ﻿ ͏ ﻿ ͏ ﻿ ͏ ﻿ ͏ ﻿ ͏ ﻿ ͏ ﻿ ͏ ﻿ ͏ ﻿ ͏ ﻿ ͏ ﻿ ͏ ﻿ ͏ ﻿ ͏ ﻿ ͏ ﻿ ͏ ﻿ ͏ ﻿ ͏ ﻿ ͏ ﻿ ͏ ﻿ ͏ ﻿ ͏ ﻿ ͏ ﻿ ͏ ﻿ ͏ ﻿ ͏ ﻿ ͏ ﻿ ͏ ﻿ ͏ ﻿ ͏
2025-04-06 13:27:43,Non-English,Latest job opportunities in your field. ﻿ ͏ ﻿ ͏ ﻿ ͏ ﻿ ͏ ﻿ ͏ ﻿ ͏ ﻿ ͏ ﻿ ͏ ﻿ ͏ ﻿ ͏ ﻿ ͏ ﻿ ͏ ﻿ ͏ ﻿ ͏ ﻿ ͏ ﻿ ͏ ﻿ ͏ ﻿ ͏ ﻿ ͏ ﻿ ͏ ﻿ ͏ ﻿ ͏ ﻿ ͏ ﻿ ͏ ﻿ ͏ ﻿ ͏ ﻿ ͏ ﻿ ͏ ﻿ ͏ ﻿ ͏ ﻿ ͏ ﻿ ͏ ﻿ ͏ ﻿ ͏ ﻿ ͏ ﻿ ͏ ﻿ ͏ ﻿ ͏ ﻿ ͏ ﻿ ͏ ﻿
2025-04-06 13:27:43,Non-English,"Postulez aux offres publiées par Amazon Online France SAS, Amazon Online France SAS - C82 et Amazon France Transport SAS ‌ ‌ ‌ ‌ ‌ ‌ ‌ ‌ ‌ ‌ ‌ ‌ ‌ ‌ ‌ ‌ ‌ ‌ ‌ ‌ ‌ ‌ ‌ ‌ ‌ ‌ ‌ ‌ ‌ ‌ ‌ ‌ ‌ ‌ ‌ ‌ ‌ ‌ ‌ ‌"
2025-04-06 13:27:43,Non-English,Finish setup 📲 ‌ ‌ ‌ ‌ ‌ ‌ ‌ ‌ ‌ ‌ ‌ ‌ ‌ ‌ ‌ ‌ ‌ ‌ ‌ ‌ ‌ ‌ ‌ ‌ ‌ ‌ ‌ ‌ ‌ ‌ ‌ ‌ ‌ ‌ ‌ ‌ ‌ ‌ ‌ ‌ ‌ ‌ ‌ ‌ ‌ ‌ ‌ ‌ ‌ ‌ ‌ ‌ ‌ ‌ ‌ ‌ ‌ ‌ ‌ ‌ ‌ ‌ ‌ ‌ ‌ ‌ ‌ ‌ ‌ ‌ ‌ ‌ ‌ ‌ ‌ ‌ ‌ ‌ ‌ ‌ ‌ ‌ ‌ ‌ ‌ ‌ ‌ ‌ ‌ ‌ ‌ ‌ ‌
2025-04-06 13:27:43,Non-English,Join a live session to learn how ͏ ‌ ﻿ ͏ ‌ ﻿ ͏ ‌ ﻿ ͏ ‌ ﻿ ͏ ‌ ﻿ ͏ ‌ ﻿ ͏ ‌ ﻿ ͏ ‌ ﻿ ͏ ‌ ﻿ ͏ ‌ ﻿ ͏ ‌ ﻿ ͏ ‌ ﻿ ͏ ‌ ﻿ ͏ ‌ ﻿ ͏ ‌ ﻿ ͏ ‌ ﻿ ͏ ‌ ﻿ ͏ ‌ ﻿ ͏ ‌ ﻿ ͏ ‌ ﻿ ͏ ‌ ﻿ ͏ ‌ ﻿ ͏ ‌ ﻿ ͏ ‌ ﻿ ͏ ‌ ﻿ ͏ ‌ ﻿ ͏ ‌ ﻿ ͏ ‌ ﻿
2025-04-06 13:27:43,Non-English,Application Link inside! ﻿ ͏ ﻿ ͏ ﻿ ͏ ﻿ ͏ ﻿ ͏ ﻿ ͏ ﻿ ͏ ﻿ ͏ ﻿ ͏ ﻿ ͏ ﻿ ͏ ﻿ ͏ ﻿ ͏ ﻿ ͏ ﻿ ͏ ﻿ ͏ ﻿ ͏ ﻿ ͏ ﻿ ͏ ﻿ ͏ ﻿ ͏ ﻿ ͏ ﻿ ͏ ﻿ ͏ ﻿ ͏ ﻿ ͏ ﻿ ͏ ﻿ ͏ ﻿ ͏ ﻿ ͏ ﻿ ͏ ﻿ ͏ ﻿ ͏ ﻿ ͏ ﻿ ͏ ﻿ ͏ ﻿ ͏ ﻿ ͏ ﻿ ͏ ﻿ ͏ ﻿ ͏ ﻿ ͏ ﻿ ͏ ﻿ ͏
2025-04-06 13:27:43,Non-English,Join a live session to learn how ͏ ‌ ﻿ ͏ ‌ ﻿ ͏ ‌ ﻿ ͏ ‌ ﻿ ͏ ‌ ﻿ ͏ ‌ ﻿ ͏ ‌ ﻿ ͏ ‌ ﻿ ͏ ‌ ﻿ ͏ ‌ ﻿ ͏ ‌ ﻿ ͏ ‌ ﻿ ͏ ‌ ﻿ ͏ ‌ ﻿ ͏ ‌ ﻿ ͏ ‌ ﻿ ͏ ‌ ﻿ ͏ ‌ ﻿ ͏ ‌ ﻿ ͏ ‌ ﻿ ͏ ‌ ﻿ ͏ ‌ ﻿ ͏ ‌ ﻿ ͏ ‌ ﻿ ͏ ‌ ﻿ ͏ ‌ ﻿ ͏ ‌ ﻿ ͏ ‌ ﻿
2025-04-06 13:27:43,Non-English,Browse rentals without brokers. ﻿ ͏ ﻿ ͏ ﻿ ͏ ﻿ ͏ ﻿ ͏ ﻿ ͏ ﻿ ͏ ﻿ ͏ ﻿ ͏ ﻿ ͏ ﻿ ͏ ﻿ ͏ ﻿ ͏ ﻿ ͏ ﻿ ͏ ﻿ ͏ ﻿ ͏ ﻿ ͏ ﻿ ͏ ﻿ ͏ ﻿ ͏ ﻿ ͏ ﻿ ͏ ﻿ ͏ ﻿ ͏ ﻿ ͏ ﻿ ͏ ﻿ ͏ ﻿ ͏ ﻿ ͏ ﻿ ͏ ﻿ ͏ ﻿ ͏ ﻿ ͏ ﻿ ͏ ﻿ ͏ ﻿ ͏ ﻿ ͏ ﻿ ͏ ﻿ ͏ ﻿ ͏ ﻿ ͏ ﻿
2025-04-06 13:27:43,Non-English,Browse rentals without brokers. ﻿ ͏ ﻿ ͏ ﻿ ͏ ﻿ ͏ ﻿ ͏ ﻿ ͏ ﻿ ͏ ﻿ ͏ ﻿ ͏ ﻿ ͏ ﻿ ͏ ﻿ ͏ ﻿ ͏ ﻿ ͏ ﻿ ͏ ﻿ ͏ ﻿ ͏ ﻿ ͏ ﻿ ͏ ﻿ ͏ ﻿ ͏ ﻿ ͏ ﻿ ͏ ﻿ ͏ ﻿ ͏ ﻿ ͏ ﻿ ͏ ﻿ ͏ ﻿ ͏ ﻿ ͏ ﻿ ͏ ﻿ ͏ ﻿ ͏ ﻿ ͏ ﻿ ͏ ﻿ ͏ ﻿ ͏ ﻿ ͏ ﻿ ͏ ﻿ ͏ ﻿ ͏ ﻿ ͏ ﻿
2025-04-06 13:27:43,Non-English,Jobs that match your background ﻿ ͏ ﻿ ͏ ﻿ ͏ ﻿ ͏ ﻿ ͏ ﻿ ͏ ﻿ ͏ ﻿ ͏ ﻿ ͏ ﻿ ͏ ﻿ ͏ ﻿ ͏ ﻿ ͏ ﻿ ͏ ﻿ ͏ ﻿ ͏ ﻿ ͏ ﻿ ͏ ﻿ ͏ ﻿ ͏ ﻿ ͏ ﻿ ͏ ﻿ ͏ ﻿ ͏ ﻿ ͏ ﻿ ͏ ﻿ ͏ ﻿ ͏ ﻿ ͏ ﻿ ͏ ﻿ ͏ ﻿ ͏ ﻿ ͏ ﻿ ͏ ﻿ ͏ ﻿ ͏ ﻿ ͏ ﻿ ͏ ﻿ ͏ ﻿ ͏ ﻿ ͏ ﻿ ͏ ﻿
2025-04-06 13:27:43,Non-English,"Postulez aux offres publiées par Amazon Online France SAS, Amazon Online France SAS - C82 et Amazon France Transport SAS ‌ ‌ ‌ ‌ ‌ ‌ ‌ ‌ ‌ ‌ ‌ ‌ ‌ ‌ ‌ ‌ ‌ ‌ ‌ ‌ ‌ ‌ ‌ ‌ ‌ ‌ ‌ ‌ ‌ ‌ ‌ ‌ ‌ ‌ ‌ ‌ ‌ ‌ ‌ ‌"
2025-04-06 13:27:43,Non-English,Posted on 3/26/2025 ͏ ͏ ͏ ͏ ͏ ͏ ͏ ͏ ͏ ͏ ͏ ͏ ͏ ͏ ͏ ͏ ͏ ͏ ͏ ͏ ͏ ͏ ͏ ͏ ͏ ͏ ͏ ͏ ͏ ͏ ͏ ͏ ͏ ͏ ͏ ͏ ͏ ͏ ͏ ͏ ͏ ͏ ͏ ͏ ͏ ͏ ͏ ͏ ͏ ͏ ͏ ͏ ͏ ͏ ͏ ͏ ͏ ͏ ͏ ͏ ͏ ͏ ͏ ͏ ͏ ͏ ͏ ͏ ͏ ͏ ͏ ͏ ͏ ͏ ͏ ͏ ͏ ͏ ͏ ͏ ͏ ͏ ͏ ͏ ͏ ͏ ͏ ͏ ͏ ͏ ͏
2025-04-06 13:27:43,Non-English,Your last chance to unlock this coupon ‌ ‌ ‌ ‌ ‌ ‌ ‌ ‌ ‌ ‌ ‌ ‌ ‌ ‌ ‌ ‌ ‌ ‌ ‌ ‌ ‌ ‌ ‌ ‌ ‌ ‌ ‌ ‌ ‌ ‌ ‌ ‌ ‌ ‌ ‌ ‌ ‌ ‌ ‌ ‌ ‌ ‌ ‌ ‌ ‌ ‌ ‌ ‌ ‌ ‌ ‌ ‌ ‌ ‌ ‌ ‌ ‌ ‌ ‌ ‌ ‌ ‌ ‌ ‌ ‌ ‌ ‌ ‌ ‌ ‌ ‌ ‌ ‌ ‌ ‌ ‌ ‌ ‌ ‌ ‌ ‌
2025-04-06 13:27:43,Non-English,"Avinash, check out the latest trending posts from the community 🔥 ‌​‍‎‏﻿ ‌​‍‎‏﻿ ‌​‍‎‏﻿ ‌​‍‎‏﻿ ‌​‍‎‏﻿ ‌​‍‎‏﻿ ‌​‍‎‏﻿ ‌​‍‎‏﻿ ‌​‍‎‏﻿ ‌​‍‎‏﻿ ‌​‍‎‏﻿ ‌​‍‎‏﻿ ‌​‍‎‏﻿ ‌​‍‎‏﻿ ‌​‍‎‏﻿ ‌​‍‎‏﻿ ‌​‍‎‏﻿ ‌​‍‎‏﻿ ‌​‍‎‏﻿ ‌​"
2025-04-06 13:27:43,Non-English,Application Link inside! ﻿ ͏ ﻿ ͏ ﻿ ͏ ﻿ ͏ ﻿ ͏ ﻿ ͏ ﻿ ͏ ﻿ ͏ ﻿ ͏ ﻿ ͏ ﻿ ͏ ﻿ ͏ ﻿ ͏ ﻿ ͏ ﻿ ͏ ﻿ ͏ ﻿ ͏ ﻿ ͏ ﻿ ͏ ﻿ ͏ ﻿ ͏ ﻿ ͏ ﻿ ͏ ﻿ ͏ ﻿ ͏ ﻿ ͏ ﻿ ͏ ﻿ ͏ ﻿ ͏ ﻿ ͏ ﻿ ͏ ﻿ ͏ ﻿ ͏ ﻿ ͏ ﻿ ͏ ﻿ ͏ ﻿ ͏ ﻿ ͏ ﻿ ͏ ﻿ ͏ ﻿ ͏ ﻿ ͏ ﻿ ͏ ﻿ ͏
2025-04-06 13:27:44,Non-English,Limited time offer ‌ ‌ ‌ ‌ ‌ ‌ ‌ ‌ ‌ ‌ ‌ ‌ ‌ ‌ ‌ ‌ ‌ ‌ ‌ ‌ ͏ ‌ ‌ ‌ ‌ ‌ ‌ ‌ ‌ ‌ ‌ ‌ ‌ ‌ ‌ ‌ ‌ ‌ ‌ ‌ ‌ ‌ ͏ ‌ ‌ ‌ ‌ ‌ ‌ ‌ ‌ ‌ ‌ ‌ ‌ ‌ ‌ ‌ ‌ ‌ ‌ ‌ ‌ ‌ ͏ ‌ ‌ ‌ ‌ ‌ ‌ ‌ ‌ ‌ ‌ ‌ ‌ ‌ ‌ ‌ ‌ ‌ ‌ ‌ ‌ ‌ ͏ ‌ ‌ ‌ ‌
2025-04-06 13:27:44,Non-English,Hiring now! ﻿ ͏ ﻿ ͏ ﻿ ͏ ﻿ ͏ ﻿ ͏ ﻿ ͏ ﻿ ͏ ﻿ ͏ ﻿ ͏ ﻿ ͏ ﻿ ͏ ﻿ ͏ ﻿ ͏ ﻿ ͏ ﻿ ͏ ﻿ ͏ ﻿ ͏ ﻿ ͏ ﻿ ͏ ﻿ ͏ ﻿ ͏ ﻿ ͏ ﻿ ͏ ﻿ ͏ ﻿ ͏ ﻿ ͏ ﻿ ͏ ﻿ ͏ ﻿ ͏ ﻿ ͏ ﻿ ͏ ﻿ ͏ ﻿ ͏ ﻿ ͏ ﻿ ͏ ﻿ ͏ ﻿ ͏ ﻿ ͏ ﻿ ͏ ﻿ ͏ ﻿ ͏ ﻿ ͏ ﻿ ͏ ﻿ ͏ ﻿ ͏ ﻿ ͏ ﻿ ͏ ﻿
2025-04-06 13:27:44,Non-English,"Postulez aux offres publiées par Amazon Data Services France SAS, Amazon Online France SAS et Amazon France Services SaS ‌ ‌ ‌ ‌ ‌ ‌ ‌ ‌ ‌ ‌ ‌ ‌ ‌ ‌ ‌ ‌ ‌ ‌ ‌ ‌ ‌ ‌ ‌ ‌ ‌ ‌ ‌ ‌ ‌ ‌ ‌ ‌ ‌ ‌ ‌ ‌ ‌ ‌ ‌ ‌"
2025-04-06 13:27:44,Non-English,Anuvind is waiting for your response ͏ ͏ ͏ ͏ ͏ ͏ ͏ ͏ ͏ ͏ ͏ ͏ ͏ ͏ ͏ ͏ ͏ ͏ ͏ ͏ ͏ ͏ ͏ ͏ ͏ ͏ ͏ ͏ ͏ ͏ ͏ ͏ ͏ ͏ ͏ ͏ ͏ ͏ ͏ ͏ ͏ ͏ ͏ ͏ ͏ ͏ ͏ ͏ ͏ ͏ ͏ ͏ ͏ ͏ ͏ ͏ ͏ ͏ ͏ ͏ ͏ ͏ ͏ ͏ ͏ ͏ ͏ ͏ ͏ ͏ ͏ ͏ ͏ ͏ ͏ ͏ ͏ ͏ ͏ ͏ ͏ ͏
2025-04-06 13:27:44,Non-English,Don&#39;t miss this chance to save! ﻿͏ ﻿͏ ﻿͏ ﻿͏ ﻿͏ ﻿͏ ﻿͏ ﻿͏ ﻿͏ ﻿͏ ﻿͏ ﻿͏ ﻿͏ ﻿͏ ﻿͏ ﻿͏ ﻿͏ ﻿͏ ﻿͏ ﻿͏ ﻿͏ ﻿͏ ﻿͏ ﻿͏ ﻿͏ ﻿͏ ﻿͏ ﻿͏ ﻿͏ ﻿͏ ﻿͏ ﻿͏ ﻿͏ ﻿͏ ﻿͏ ﻿͏ ﻿͏ ﻿͏ ﻿͏ ﻿͏ ﻿͏ ﻿͏ ﻿͏ ﻿͏ ﻿͏ ﻿͏ ﻿͏ ﻿͏ ﻿͏ ﻿͏ ﻿͏ ﻿͏ ﻿͏ ﻿͏ ﻿͏
2025-04-06 13:27:44,Non-English,"Envie d&#39;évoluer? Débloquez plus de 10 000 programmes Google, IBM et bien d&#39;autres. ͏ ‌ ﻿ ͏ ‌ ﻿ ͏ ‌ ﻿ ͏ ‌ ﻿ ͏ ‌ ﻿ ͏ ‌ ﻿ ͏ ‌ ﻿ ͏ ‌ ﻿ ͏ ‌ ﻿ ͏ ‌ ﻿ ͏ ‌ ﻿ ͏ ‌ ﻿ ͏ ‌ ﻿ ͏ ‌ ﻿ ͏ ‌ ﻿ ͏ ‌ ﻿ ͏ ‌ ﻿ ͏ ‌ ﻿ ͏"
2025-04-06 13:27:44,Non-English,"Don&#39;t wait, only 4 days left! ‌ ‌ ‌ ‌ ‌ ‌ ‌ ‌ ‌ ‌ ‌ ‌ ‌ ‌ ‌ ‌ ‌ ‌ ‌ ‌ ‌ ‌ ‌ ‌ ‌ ‌ ‌ ‌ ‌ ‌ ‌ ‌ ‌ ‌ ‌ ‌ ‌ ‌ ‌ ‌ ‌ ‌ ‌ ‌ ‌ ‌ ‌ ‌ ‌ ‌ ‌ ‌ ‌ ‌ ‌ ‌ ‌ ‌ ‌ ‌ ‌ ‌ ‌ ‌ ‌ ‌ ‌ ‌ ‌ ‌ ‌ ‌ ‌ ‌ ‌ ‌ ‌ ‌ ‌ ‌ ‌ ‌ ‌ ‌"
2025-04-06 13:27:44,Non-English,Hiring now! ﻿ ͏ ﻿ ͏ ﻿ ͏ ﻿ ͏ ﻿ ͏ ﻿ ͏ ﻿ ͏ ﻿ ͏ ﻿ ͏ ﻿ ͏ ﻿ ͏ ﻿ ͏ ﻿ ͏ ﻿ ͏ ﻿ ͏ ﻿ ͏ ﻿ ͏ ﻿ ͏ ﻿ ͏ ﻿ ͏ ﻿ ͏ ﻿ ͏ ﻿ ͏ ﻿ ͏ ﻿ ͏ ﻿ ͏ ﻿ ͏ ﻿ ͏ ﻿ ͏ ﻿ ͏ ﻿ ͏ ﻿ ͏ ﻿ ͏ ﻿ ͏ ﻿ ͏ ﻿ ͏ ﻿ ͏ ﻿ ͏ ﻿ ͏ ﻿ ͏ ﻿ ͏ ﻿ ͏ ﻿ ͏ ﻿ ͏ ﻿ ͏ ﻿ ͏ ﻿ ͏ ﻿
2025-04-06 13:27:44,Non-English,"Enjoy up to 25% off, tap here for your special code🎟️ ﻿ ͏ ﻿ ͏ ﻿ ͏ ﻿ ͏ ﻿ ͏ ﻿ ͏ ﻿ ͏ ﻿ ͏ ﻿ ͏ ﻿ ͏ ﻿ ͏ ﻿ ͏ ﻿ ͏ ﻿ ͏ ﻿ ͏ ﻿ ͏ ﻿ ͏ ﻿ ͏ ﻿ ͏ ﻿ ͏ ﻿ ͏ ﻿ ͏ ﻿ ͏ ﻿ ͏ ﻿ ͏ ﻿ ͏ ﻿ ͏ ﻿ ͏ ﻿ ͏ ﻿ ͏ ﻿ ͏ ﻿ ͏ ﻿ ͏ ﻿ ͏ ﻿ ͏ ﻿ ͏ ﻿ ͏"
2025-04-06 13:27:44,Non-English,Make space for happiness with a clean home ﻿ ͏ ﻿ ͏ ﻿ ͏ ﻿ ͏ ﻿ ͏ ﻿ ͏ ﻿ ͏ ﻿ ͏ ﻿ ͏ ﻿ ͏ ﻿ ͏ ﻿ ͏ ﻿ ͏ ﻿ ͏ ﻿ ͏ ﻿ ͏ ﻿ ͏ ﻿ ͏ ﻿ ͏ ﻿ ͏ ﻿ ͏ ﻿ ͏ ﻿ ͏ ﻿ ͏ ﻿ ͏ ﻿ ͏ ﻿ ͏ ﻿ ͏ ﻿ ͏ ﻿ ͏ ﻿ ͏ ﻿ ͏ ﻿ ͏ ﻿ ͏ ﻿ ͏ ﻿ ͏ ﻿ ͏ ﻿ ͏ ﻿ ͏ ﻿
2025-04-06 13:27:44,Non-English,Make space for happiness with a clean home ﻿ ͏ ﻿ ͏ ﻿ ͏ ﻿ ͏ ﻿ ͏ ﻿ ͏ ﻿ ͏ ﻿ ͏ ﻿ ͏ ﻿ ͏ ﻿ ͏ ﻿ ͏ ﻿ ͏ ﻿ ͏ ﻿ ͏ ﻿ ͏ ﻿ ͏ ﻿ ͏ ﻿ ͏ ﻿ ͏ ﻿ ͏ ﻿ ͏ ﻿ ͏ ﻿ ͏ ﻿ ͏ ﻿ ͏ ﻿ ͏ ﻿ ͏ ﻿ ͏ ﻿ ͏ ﻿ ͏ ﻿ ͏ ﻿ ͏ ﻿ ͏ ﻿ ͏ ﻿ ͏ ﻿ ͏ ﻿ ͏ ﻿ ͏ ﻿
2025-04-06 13:27:44,Non-English,Stay on top of the trends ‌ ‌ ‌ ‌ ‌ ‌ ‌ ‌ ‌ ‌ ‌ ‌ ‌ ‌ ‌ ‌ ‌ ‌ ‌ ‌ ͏ ‌ ‌ ‌ ‌ ‌ ‌ ‌ ‌ ‌ ‌ ‌ ‌ ‌ ‌ ‌ ‌ ‌ ‌ ‌ ‌ ‌ ͏ ‌ ‌ ‌ ‌ ‌ ‌ ‌ ‌ ‌ ‌ ‌ ‌ ‌ ‌ ‌ ‌ ‌ ‌ ‌ ‌ ‌ ͏ ‌ ‌ ‌ ‌ ‌ ‌ ‌ ‌ ‌ ‌ ‌ ‌ ‌ ‌ ‌ ‌ ‌ ‌ ‌ ‌ ‌ ͏ ‌
2025-04-06 13:27:44,Non-English,"Postulez aux offres publiées par Amazon Data Services France SAS, Amazon Online France SAS et Amazon EU SARL (FR) ‌ ‌ ‌ ‌ ‌ ‌ ‌ ‌ ‌ ‌ ‌ ‌ ‌ ‌ ‌ ‌ ‌ ‌ ‌ ‌ ‌ ‌ ‌ ‌ ‌ ‌ ‌ ‌ ‌ ‌ ‌ ‌ ‌ ‌ ‌ ‌ ‌ ‌ ‌ ‌ ‌ ‌ ‌ ‌"
2025-04-06 13:27:44,Non-English,"Avinash Mynampati, view details. ﻿ ͏ ﻿ ͏ ﻿ ͏ ﻿ ͏ ﻿ ͏ ﻿ ͏ ﻿ ͏ ﻿ ͏ ﻿ ͏ ﻿ ͏ ﻿ ͏ ﻿ ͏ ﻿ ͏ ﻿ ͏ ﻿ ͏ ﻿ ͏ ﻿ ͏ ﻿ ͏ ﻿ ͏ ﻿ ͏ ﻿ ͏ ﻿ ͏ ﻿ ͏ ﻿ ͏ ﻿ ͏ ﻿ ͏ ﻿ ͏ ﻿ ͏ ﻿ ͏ ﻿ ͏ ﻿ ͏ ﻿ ͏ ﻿ ͏ ﻿ ͏ ﻿ ͏ ﻿ ͏ ﻿ ͏ ﻿ ͏ ﻿ ͏ ﻿ ͏ ﻿ ͏ ﻿ ͏"
2025-04-06 13:27:44,Non-English,Enjoy your free trial. ͏ ͏ ͏ ͏ ͏ ͏ ͏ ͏ ͏ ͏ ͏ ͏ ͏ ͏ ͏ ͏ ͏ ͏ ͏ ͏ ͏ ͏ ͏ ͏ ͏ ͏ ͏ ͏ ͏ ͏ ͏ ͏ ͏ ͏ ͏ ͏ ͏ ͏ ͏ ͏ ͏ ͏ ͏ ͏ ͏ ͏ ͏ ͏ ͏ ͏ ͏ ͏ ͏ ͏ ͏ ͏ ͏ ͏ ͏ ͏ ͏ ͏ ͏ ͏ ͏ ͏ ͏ ͏ ͏ ͏ ͏ ͏ ͏ ͏ ͏ ͏ ͏ ͏ ͏ ͏ ͏ ͏ ͏ ͏ ͏ ͏ ͏ ͏ ͏
2025-04-06 13:27:44,Non-English,Posted on 3/25/2025 ͏ ͏ ͏ ͏ ͏ ͏ ͏ ͏ ͏ ͏ ͏ ͏ ͏ ͏ ͏ ͏ ͏ ͏ ͏ ͏ ͏ ͏ ͏ ͏ ͏ ͏ ͏ ͏ ͏ ͏ ͏ ͏ ͏ ͏ ͏ ͏ ͏ ͏ ͏ ͏ ͏ ͏ ͏ ͏ ͏ ͏ ͏ ͏ ͏ ͏ ͏ ͏ ͏ ͏ ͏ ͏ ͏ ͏ ͏ ͏ ͏ ͏ ͏ ͏ ͏ ͏ ͏ ͏ ͏ ͏ ͏ ͏ ͏ ͏ ͏ ͏ ͏ ͏ ͏ ͏ ͏ ͏ ͏ ͏ ͏ ͏ ͏ ͏ ͏ ͏ ͏
2025-04-06 13:27:44,Non-English,bhavya elluri commented on your post. ͏ ͏ ͏ ͏ ͏ ͏ ͏ ͏ ͏ ͏ ͏ ͏ ͏ ͏ ͏ ͏ ͏ ͏ ͏ ͏ ͏ ͏ ͏ ͏ ͏ ͏ ͏ ͏ ͏ ͏ ͏ ͏ ͏ ͏ ͏ ͏ ͏ ͏ ͏ ͏ ͏ ͏ ͏ ͏ ͏ ͏ ͏ ͏ ͏ ͏ ͏ ͏ ͏ ͏ ͏ ͏ ͏ ͏ ͏ ͏ ͏ ͏ ͏ ͏ ͏ ͏ ͏ ͏ ͏ ͏ ͏ ͏ ͏ ͏ ͏ ͏ ͏ ͏ ͏ ͏ ͏ ͏
2025-04-06 13:27:44,Non-English,Keep the momentum going! ͏ ͏ ͏ ͏ ͏ ͏ ͏ ͏ ͏ ͏ ͏ ͏ ͏ ͏ ͏ ͏ ͏ ͏ ͏ ͏ ͏ ͏ ͏ ͏ ͏ ͏ ͏ ͏ ͏ ͏ ͏ ͏ ͏ ͏ ͏ ͏ ͏ ͏ ͏ ͏ ͏ ͏ ͏ ͏ ͏ ͏ ͏ ͏ ͏ ͏ ͏ ͏ ͏ ͏ ͏ ͏ ͏ ͏ ͏ ͏ ͏ ͏ ͏ ͏ ͏ ͏ ͏ ͏ ͏ ͏ ͏ ͏ ͏ ͏ ͏ ͏ ͏ ͏ ͏ ͏ ͏ ͏ ͏ ͏ ͏ ͏ ͏ ͏
2025-04-06 13:27:44,Non-English,Your free photo and vector are waiting inside. ‌ ‌ ‌ ‌ ‌ ‌ ‌ ‌ ‌ ‌ ‌ ‌ ‌ ‌ ‌ ‌ ‌ ‌ ‌ ‌ ‌ ‌ ‌ ‌ ‌ ‌ ‌ ‌ ‌ ‌ ‌ ‌ ‌ ‌ ‌ ‌ ‌ ‌ ‌ ‌ ‌ ‌ ‌ ‌ ‌ ‌ ‌ ‌ ‌ ‌ ‌ ‌ ‌ ‌ ‌ ‌ ‌ ‌ ‌ ‌ ‌ ‌ ‌ ‌ ‌ ‌ ‌ ‌ ‌ ‌ ‌ ‌ ‌ ‌ ‌ ‌ ‌
2025-04-06 13:27:44,Non-English,Admit secured at Rank 21 university ͏ ‌ ﻿ ͏ ‌ ﻿ ͏ ‌ ﻿ ͏ ‌ ﻿ ͏ ‌ ﻿ ͏ ‌ ﻿ ͏ ‌ ﻿ ͏ ‌ ﻿ ͏ ‌ ﻿ ͏ ‌ ﻿ ͏ ‌ ﻿ ͏ ‌ ﻿ ͏ ‌ ﻿ ͏ ‌ ﻿ ͏ ‌ ﻿ ͏ ‌ ﻿ ͏ ‌ ﻿ ͏ ‌ ﻿ ͏ ‌ ﻿ ͏ ‌ ﻿ ͏ ‌ ﻿ ͏ ‌ ﻿ ͏ ‌ ﻿ ͏ ‌ ﻿ ͏ ‌ ﻿ ͏ ‌ ﻿ ͏ ‌ ﻿ ͏ ‌
2025-04-06 13:27:44,Non-English,John is waiting for your response ͏ ͏ ͏ ͏ ͏ ͏ ͏ ͏ ͏ ͏ ͏ ͏ ͏ ͏ ͏ ͏ ͏ ͏ ͏ ͏ ͏ ͏ ͏ ͏ ͏ ͏ ͏ ͏ ͏ ͏ ͏ ͏ ͏ ͏ ͏ ͏ ͏ ͏ ͏ ͏ ͏ ͏ ͏ ͏ ͏ ͏ ͏ ͏ ͏ ͏ ͏ ͏ ͏ ͏ ͏ ͏ ͏ ͏ ͏ ͏ ͏ ͏ ͏ ͏ ͏ ͏ ͏ ͏ ͏ ͏ ͏ ͏ ͏ ͏ ͏ ͏ ͏ ͏ ͏ ͏ ͏ ͏ ͏ ͏
2025-04-06 13:27:44,Non-English,Join with Amazon Business Analyst ͏ ‌ ﻿ ͏ ‌ ﻿ ͏ ‌ ﻿ ͏ ‌ ﻿ ͏ ‌ ﻿ ͏ ‌ ﻿ ͏ ‌ ﻿ ͏ ‌ ﻿ ͏ ‌ ﻿ ͏ ‌ ﻿ ͏ ‌ ﻿ ͏ ‌ ﻿ ͏ ‌ ﻿ ͏ ‌ ﻿ ͏ ‌ ﻿ ͏ ‌ ﻿ ͏ ‌ ﻿ ͏ ‌ ﻿ ͏ ‌ ﻿ ͏ ‌ ﻿ ͏ ‌ ﻿ ͏ ‌ ﻿ ͏ ‌ ﻿ ͏ ‌ ﻿ ͏ ‌ ﻿ ͏ ‌ ﻿ ͏ ‌ ﻿ ͏ ‌ ﻿
2025-04-06 13:27:44,Non-English,Join with Amazon Business Analyst ͏ ‌ ﻿ ͏ ‌ ﻿ ͏ ‌ ﻿ ͏ ‌ ﻿ ͏ ‌ ﻿ ͏ ‌ ﻿ ͏ ‌ ﻿ ͏ ‌ ﻿ ͏ ‌ ﻿ ͏ ‌ ﻿ ͏ ‌ ﻿ ͏ ‌ ﻿ ͏ ‌ ﻿ ͏ ‌ ﻿ ͏ ‌ ﻿ ͏ ‌ ﻿ ͏ ‌ ﻿ ͏ ‌ ﻿ ͏ ‌ ﻿ ͏ ‌ ﻿ ͏ ‌ ﻿ ͏ ‌ ﻿ ͏ ‌ ﻿ ͏ ‌ ﻿ ͏ ‌ ﻿ ͏ ‌ ﻿ ͏ ‌ ﻿ ͏ ‌ ﻿
2025-04-06 13:27:44,Non-English,"Postulez aux offres publiées par Amazon Data Services France SAS, Amazon Online France SAS et Amazon France Services SaS ‌ ‌ ‌ ‌ ‌ ‌ ‌ ‌ ‌ ‌ ‌ ‌ ‌ ‌ ‌ ‌ ‌ ‌ ‌ ‌ ‌ ‌ ‌ ‌ ‌ ‌ ‌ ‌ ‌ ‌ ‌ ‌ ‌ ‌ ‌ ‌ ‌ ‌ ‌ ‌"
2025-04-06 13:27:44,Non-English,Fast services at your door. ﻿ ͏ ﻿ ͏ ﻿ ͏ ﻿ ͏ ﻿ ͏ ﻿ ͏ ﻿ ͏ ﻿ ͏ ﻿ ͏ ﻿ ͏ ﻿ ͏ ﻿ ͏ ﻿ ͏ ﻿ ͏ ﻿ ͏ ﻿ ͏ ﻿ ͏ ﻿ ͏ ﻿ ͏ ﻿ ͏ ﻿ ͏ ﻿ ͏ ﻿ ͏ ﻿ ͏ ﻿ ͏ ﻿ ͏ ﻿ ͏ ﻿ ͏ ﻿ ͏ ﻿ ͏ ﻿ ͏ ﻿ ͏ ﻿ ͏ ﻿ ͏ ﻿ ͏ ﻿ ͏ ﻿ ͏ ﻿ ͏ ﻿ ͏ ﻿ ͏ ﻿ ͏ ﻿ ͏ ﻿ ͏ ﻿
2025-04-06 13:27:44,Non-English,Fast services at your door. ﻿ ͏ ﻿ ͏ ﻿ ͏ ﻿ ͏ ﻿ ͏ ﻿ ͏ ﻿ ͏ ﻿ ͏ ﻿ ͏ ﻿ ͏ ﻿ ͏ ﻿ ͏ ﻿ ͏ ﻿ ͏ ﻿ ͏ ﻿ ͏ ﻿ ͏ ﻿ ͏ ﻿ ͏ ﻿ ͏ ﻿ ͏ ﻿ ͏ ﻿ ͏ ﻿ ͏ ﻿ ͏ ﻿ ͏ ﻿ ͏ ﻿ ͏ ﻿ ͏ ﻿ ͏ ﻿ ͏ ﻿ ͏ ﻿ ͏ ﻿ ͏ ﻿ ͏ ﻿ ͏ ﻿ ͏ ﻿ ͏ ﻿ ͏ ﻿ ͏ ﻿ ͏ ﻿ ͏ ﻿ ͏ ﻿
2025-04-06 13:27:44,Non-English,Hiring now! ﻿ ͏ ﻿ ͏ ﻿ ͏ ﻿ ͏ ﻿ ͏ ﻿ ͏ ﻿ ͏ ﻿ ͏ ﻿ ͏ ﻿ ͏ ﻿ ͏ ﻿ ͏ ﻿ ͏ ﻿ ͏ ﻿ ͏ ﻿ ͏ ﻿ ͏ ﻿ ͏ ﻿ ͏ ﻿ ͏ ﻿ ͏ ﻿ ͏ ﻿ ͏ ﻿ ͏ ﻿ ͏ ﻿ ͏ ﻿ ͏ ﻿ ͏ ﻿ ͏ ﻿ ͏ ﻿ ͏ ﻿ ͏ ﻿ ͏ ﻿ ͏ ﻿ ͏ ﻿ ͏ ﻿ ͏ ﻿ ͏ ﻿ ͏ ﻿ ͏ ﻿ ͏ ﻿ ͏ ﻿ ͏ ﻿ ͏ ﻿ ͏ ﻿ ͏ ﻿ ͏ ﻿
2025-04-06 13:27:44,Non-English,bhavya elluri commented on your post. ͏ ͏ ͏ ͏ ͏ ͏ ͏ ͏ ͏ ͏ ͏ ͏ ͏ ͏ ͏ ͏ ͏ ͏ ͏ ͏ ͏ ͏ ͏ ͏ ͏ ͏ ͏ ͏ ͏ ͏ ͏ ͏ ͏ ͏ ͏ ͏ ͏ ͏ ͏ ͏ ͏ ͏ ͏ ͏ ͏ ͏ ͏ ͏ ͏ ͏ ͏ ͏ ͏ ͏ ͏ ͏ ͏ ͏ ͏ ͏ ͏ ͏ ͏ ͏ ͏ ͏ ͏ ͏ ͏ ͏ ͏ ͏ ͏ ͏ ͏ ͏ ͏ ͏ ͏ ͏ ͏ ͏
2025-04-06 13:27:44,Non-English,You&#39;re getting noticed ͏ ͏ ͏ ͏ ͏ ͏ ͏ ͏ ͏ ͏ ͏ ͏ ͏ ͏ ͏ ͏ ͏ ͏ ͏ ͏ ͏ ͏ ͏ ͏ ͏ ͏ ͏ ͏ ͏ ͏ ͏ ͏ ͏ ͏ ͏ ͏ ͏ ͏ ͏ ͏ ͏ ͏ ͏ ͏ ͏ ͏ ͏ ͏ ͏ ͏ ͏ ͏ ͏ ͏ ͏ ͏ ͏ ͏ ͏ ͏ ͏ ͏ ͏ ͏ ͏ ͏ ͏ ͏ ͏ ͏ ͏ ͏ ͏ ͏ ͏ ͏ ͏ ͏ ͏ ͏ ͏ ͏ ͏ ͏ ͏ ͏ ͏
2025-04-06 13:27:44,Non-English,Check out how to get even more impressions! ͏ ͏ ͏ ͏ ͏ ͏ ͏ ͏ ͏ ͏ ͏ ͏ ͏ ͏ ͏ ͏ ͏ ͏ ͏ ͏ ͏ ͏ ͏ ͏ ͏ ͏ ͏ ͏ ͏ ͏ ͏ ͏ ͏ ͏ ͏ ͏ ͏ ͏ ͏ ͏ ͏ ͏ ͏ ͏ ͏ ͏ ͏ ͏ ͏ ͏ ͏ ͏ ͏ ͏ ͏ ͏ ͏ ͏ ͏ ͏ ͏ ͏ ͏ ͏ ͏ ͏ ͏ ͏ ͏ ͏ ͏ ͏ ͏ ͏ ͏ ͏ ͏ ͏ ͏
2025-04-06 13:27:44,Non-English,Pranav is waiting for your response ͏ ͏ ͏ ͏ ͏ ͏ ͏ ͏ ͏ ͏ ͏ ͏ ͏ ͏ ͏ ͏ ͏ ͏ ͏ ͏ ͏ ͏ ͏ ͏ ͏ ͏ ͏ ͏ ͏ ͏ ͏ ͏ ͏ ͏ ͏ ͏ ͏ ͏ ͏ ͏ ͏ ͏ ͏ ͏ ͏ ͏ ͏ ͏ ͏ ͏ ͏ ͏ ͏ ͏ ͏ ͏ ͏ ͏ ͏ ͏ ͏ ͏ ͏ ͏ ͏ ͏ ͏ ͏ ͏ ͏ ͏ ͏ ͏ ͏ ͏ ͏ ͏ ͏ ͏ ͏ ͏ ͏ ͏
2025-04-06 13:27:44,Non-English,"Avinash Mynampati, view details. ﻿ ͏ ﻿ ͏ ﻿ ͏ ﻿ ͏ ﻿ ͏ ﻿ ͏ ﻿ ͏ ﻿ ͏ ﻿ ͏ ﻿ ͏ ﻿ ͏ ﻿ ͏ ﻿ ͏ ﻿ ͏ ﻿ ͏ ﻿ ͏ ﻿ ͏ ﻿ ͏ ﻿ ͏ ﻿ ͏ ﻿ ͏ ﻿ ͏ ﻿ ͏ ﻿ ͏ ﻿ ͏ ﻿ ͏ ﻿ ͏ ﻿ ͏ ﻿ ͏ ﻿ ͏ ﻿ ͏ ﻿ ͏ ﻿ ͏ ﻿ ͏ ﻿ ͏ ﻿ ͏ ﻿ ͏ ﻿ ͏ ﻿ ͏ ﻿ ͏ ﻿ ͏ ﻿ ͏"
2025-04-06 13:27:44,Non-English,Latest job opportunities in your field. ﻿ ͏ ﻿ ͏ ﻿ ͏ ﻿ ͏ ﻿ ͏ ﻿ ͏ ﻿ ͏ ﻿ ͏ ﻿ ͏ ﻿ ͏ ﻿ ͏ ﻿ ͏ ﻿ ͏ ﻿ ͏ ﻿ ͏ ﻿ ͏ ﻿ ͏ ﻿ ͏ ﻿ ͏ ﻿ ͏ ﻿ ͏ ﻿ ͏ ﻿ ͏ ﻿ ͏ ﻿ ͏ ﻿ ͏ ﻿ ͏ ﻿ ͏ ﻿ ͏ ﻿ ͏ ﻿ ͏ ﻿ ͏ ﻿ ͏ ﻿ ͏ ﻿ ͏ ﻿ ͏ ﻿ ͏ ﻿ ͏ ﻿ ͏ ﻿ ͏ ﻿
2025-04-06 13:27:44,Non-English,"Postulez aux offres publiées par Amazon Data Services France SAS, Amazon France Logistique SAS et Amazon France Transport SAS ‌ ‌ ‌ ‌ ‌ ‌ ‌ ‌ ‌ ‌ ‌ ‌ ‌ ‌ ‌ ‌ ‌ ‌ ‌ ‌ ‌ ‌ ‌ ‌ ‌ ‌ ‌ ‌ ‌ ‌ ‌ ‌ ‌ ‌ ‌ ‌ ‌ ‌"
2025-04-06 13:27:44,Non-English,Ready to learn something new? ͏ ‌ ﻿ ͏ ‌ ﻿ ͏ ‌ ﻿ ͏ ‌ ﻿ ͏ ‌ ﻿ ͏ ‌ ﻿ ͏ ‌ ﻿ ͏ ‌ ﻿ ͏ ‌ ﻿ ͏ ‌ ﻿ ͏ ‌ ﻿ ͏ ‌ ﻿ ͏ ‌ ﻿ ͏ ‌ ﻿ ͏ ‌ ﻿ ͏ ‌ ﻿ ͏ ‌ ﻿ ͏ ‌ ﻿ ͏ ‌ ﻿ ͏ ‌ ﻿ ͏ ‌ ﻿ ͏ ‌ ﻿ ͏ ‌ ﻿ ͏ ‌ ﻿ ͏ ‌ ﻿ ͏ ‌ ﻿ ͏ ‌ ﻿ ͏ ‌ ﻿ ͏ ‌
2025-04-06 13:27:44,Non-English,Deals are in bloom 🌷 ‌ ‌ ‌ ‌ ‌ ‌ ‌ ‌ ‌ ‌ ‌ ‌ ‌ ‌ ‌ ‌ ‌ ‌ ‌ ‌ ‌ ‌ ‌ ‌ ‌ ‌ ‌ ‌ ‌ ‌ ‌ ‌ ‌ ‌ ‌ ‌ ‌ ‌ ‌ ‌ ‌ ‌ ‌ ‌ ‌ ‌ ‌ ‌ ‌ ‌ ‌ ‌ ‌ ‌ ‌ ‌ ‌ ‌ ‌ ‌ ‌ ‌ ‌ ‌ ‌ ‌ ‌ ‌ ‌ ‌ ‌ ‌ ‌ ‌ ‌ ‌ ‌ ‌ ‌ ‌ ‌ ‌ ‌ ‌ ‌ ‌ ‌ ‌ ‌ ‌
2025-04-06 13:27:44,Non-English,Now Let&#39;s Perfect It! ͏ ‌ ﻿ ͏ ‌ ﻿ ͏ ‌ ﻿ ͏ ‌ ﻿ ͏ ‌ ﻿ ͏ ‌ ﻿ ͏ ‌ ﻿ ͏ ‌ ﻿ ͏ ‌ ﻿ ͏ ‌ ﻿ ͏ ‌ ﻿ ͏ ‌ ﻿ ͏ ‌ ﻿ ͏ ‌ ﻿ ͏ ‌ ﻿ ͏ ‌ ﻿ ͏ ‌ ﻿ ͏ ‌ ﻿ ͏ ‌ ﻿ ͏ ‌ ﻿ ͏ ‌ ﻿ ͏ ‌ ﻿ ͏ ‌ ﻿ ͏ ‌ ﻿ ͏ ‌ ﻿ ͏ ‌ ﻿ ͏ ‌ ﻿ ͏ ‌ ﻿ ͏ ‌ ﻿ ͏
2025-04-06 13:27:44,Non-English,Posted on 3/22/2025 ͏ ͏ ͏ ͏ ͏ ͏ ͏ ͏ ͏ ͏ ͏ ͏ ͏ ͏ ͏ ͏ ͏ ͏ ͏ ͏ ͏ ͏ ͏ ͏ ͏ ͏ ͏ ͏ ͏ ͏ ͏ ͏ ͏ ͏ ͏ ͏ ͏ ͏ ͏ ͏ ͏ ͏ ͏ ͏ ͏ ͏ ͏ ͏ ͏ ͏ ͏ ͏ ͏ ͏ ͏ ͏ ͏ ͏ ͏ ͏ ͏ ͏ ͏ ͏ ͏ ͏ ͏ ͏ ͏ ͏ ͏ ͏ ͏ ͏ ͏ ͏ ͏ ͏ ͏ ͏ ͏ ͏ ͏ ͏ ͏ ͏ ͏ ͏ ͏ ͏ ͏
2025-04-06 13:27:44,Non-English,Browse rentals without brokers ﻿ ͏ ﻿ ͏ ﻿ ͏ ﻿ ͏ ﻿ ͏ ﻿ ͏ ﻿ ͏ ﻿ ͏ ﻿ ͏ ﻿ ͏ ﻿ ͏ ﻿ ͏ ﻿ ͏ ﻿ ͏ ﻿ ͏ ﻿ ͏ ﻿ ͏ ﻿ ͏ ﻿ ͏ ﻿ ͏ ﻿ ͏ ﻿ ͏ ﻿ ͏ ﻿ ͏ ﻿ ͏ ﻿ ͏ ﻿ ͏ ﻿ ͏ ﻿ ͏ ﻿ ͏ ﻿ ͏ ﻿ ͏ ﻿ ͏ ﻿ ͏ ﻿ ͏ ﻿ ͏ ﻿ ͏ ﻿ ͏ ﻿ ͏ ﻿ ͏ ﻿ ͏ ﻿ ͏ ﻿
2025-04-06 13:27:44,Non-English,Latest job opportunities in your field. ﻿ ͏ ﻿ ͏ ﻿ ͏ ﻿ ͏ ﻿ ͏ ﻿ ͏ ﻿ ͏ ﻿ ͏ ﻿ ͏ ﻿ ͏ ﻿ ͏ ﻿ ͏ ﻿ ͏ ﻿ ͏ ﻿ ͏ ﻿ ͏ ﻿ ͏ ﻿ ͏ ﻿ ͏ ﻿ ͏ ﻿ ͏ ﻿ ͏ ﻿ ͏ ﻿ ͏ ﻿ ͏ ﻿ ͏ ﻿ ͏ ﻿ ͏ ﻿ ͏ ﻿ ͏ ﻿ ͏ ﻿ ͏ ﻿ ͏ ﻿ ͏ ﻿ ͏ ﻿ ͏ ﻿ ͏ ﻿ ͏ ﻿ ͏ ﻿ ͏ ﻿
2025-04-06 13:27:44,Non-English,Browse rentals without brokers ﻿ ͏ ﻿ ͏ ﻿ ͏ ﻿ ͏ ﻿ ͏ ﻿ ͏ ﻿ ͏ ﻿ ͏ ﻿ ͏ ﻿ ͏ ﻿ ͏ ﻿ ͏ ﻿ ͏ ﻿ ͏ ﻿ ͏ ﻿ ͏ ﻿ ͏ ﻿ ͏ ﻿ ͏ ﻿ ͏ ﻿ ͏ ﻿ ͏ ﻿ ͏ ﻿ ͏ ﻿ ͏ ﻿ ͏ ﻿ ͏ ﻿ ͏ ﻿ ͏ ﻿ ͏ ﻿ ͏ ﻿ ͏ ﻿ ͏ ﻿ ͏ ﻿ ͏ ﻿ ͏ ﻿ ͏ ﻿ ͏ ﻿ ͏ ﻿ ͏ ﻿ ͏ ﻿ ͏ ﻿
2025-04-06 13:27:44,Non-English,"Postulez aux offres publiées par Amazon Data Services France SAS, Amazon France Transport SAS et Amazon EU SARL (FR) - D69 ‌ ‌ ‌ ‌ ‌ ‌ ‌ ‌ ‌ ‌ ‌ ‌ ‌ ‌ ‌ ‌ ‌ ‌ ‌ ‌ ‌ ‌ ‌ ‌ ‌ ‌ ‌ ‌ ‌ ‌ ‌ ‌ ‌ ‌ ‌ ‌ ‌ ‌ ‌"
2025-04-06 13:27:44,Non-English,SkillFied Mentor Data Scientist: 🧠 DATA SCIENTIST INTERN – REMOTE | UNPAID |… ͏ ͏ ͏ ͏ ͏ ͏ ͏ ͏ ͏ ͏ ͏ ͏ ͏ ͏ ͏ ͏ ͏ ͏ ͏ ͏ ͏ ͏ ͏ ͏ ͏ ͏ ͏ ͏ ͏ ͏ ͏ ͏ ͏ ͏ ͏ ͏ ͏ ͏ ͏ ͏ ͏ ͏ ͏ ͏ ͏ ͏ ͏ ͏ ͏ ͏ ͏ ͏ ͏ ͏ ͏ ͏ ͏ ͏ ͏ ͏ ͏ ͏
2025-04-06 13:27:44,Non-English,Accès illimité. Plus de 10 000 façons d&#39;évoluer. Lancez-vous avec Coursera Plus aujourd&#39;hui. ͏ ‌ ﻿ ͏ ‌ ﻿ ͏ ‌ ﻿ ͏ ‌ ﻿ ͏ ‌ ﻿ ͏ ‌ ﻿ ͏ ‌ ﻿ ͏ ‌ ﻿ ͏ ‌ ﻿ ͏ ‌ ﻿ ͏ ‌ ﻿ ͏ ‌ ﻿ ͏ ‌ ﻿ ͏ ‌ ﻿ ͏ ‌ ﻿ ͏ ‌ ﻿ ͏ ‌
2025-04-06 13:41:18,Non-English,Your semester results are now available.
2025-04-06 13:41:18,Non-English,Your semester results are now available.
2025-04-06 13:41:18,Non-English,bhavya elluri commented on your post. ͏ ͏ ͏ ͏ ͏ ͏ ͏ ͏ ͏ ͏ ͏ ͏ ͏ ͏ ͏ ͏ ͏ ͏ ͏ ͏ ͏ ͏ ͏ ͏ ͏ ͏ ͏ ͏ ͏ ͏ ͏ ͏ ͏ ͏ ͏ ͏ ͏ ͏ ͏ ͏ ͏ ͏ ͏ ͏ ͏ ͏ ͏ ͏ ͏ ͏ ͏ ͏ ͏ ͏ ͏ ͏ ͏ ͏ ͏ ͏ ͏ ͏ ͏ ͏ ͏ ͏ ͏ ͏ ͏ ͏ ͏ ͏ ͏ ͏ ͏ ͏ ͏ ͏ ͏ ͏ ͏ ͏
2025-04-06 13:41:18,Non-English,Your semester results are now available.
2025-04-06 13:41:18,Non-English,Application Link inside! ﻿ ͏ ﻿ ͏ ﻿ ͏ ﻿ ͏ ﻿ ͏ ﻿ ͏ ﻿ ͏ ﻿ ͏ ﻿ ͏ ﻿ ͏ ﻿ ͏ ﻿ ͏ ﻿ ͏ ﻿ ͏ ﻿ ͏ ﻿ ͏ ﻿ ͏ ﻿ ͏ ﻿ ͏ ﻿ ͏ ﻿ ͏ ﻿ ͏ ﻿ ͏ ﻿ ͏ ﻿ ͏ ﻿ ͏ ﻿ ͏ ﻿ ͏ ﻿ ͏ ﻿ ͏ ﻿ ͏ ﻿ ͏ ﻿ ͏ ﻿ ͏ ﻿ ͏ ﻿ ͏ ﻿ ͏ ﻿ ͏ ﻿ ͏ ﻿ ͏ ﻿ ͏ ﻿ ͏ ﻿ ͏ ﻿ ͏
2025-04-06 13:41:18,Non-English,Hiring now! ﻿ ͏ ﻿ ͏ ﻿ ͏ ﻿ ͏ ﻿ ͏ ﻿ ͏ ﻿ ͏ ﻿ ͏ ﻿ ͏ ﻿ ͏ ﻿ ͏ ﻿ ͏ ﻿ ͏ ﻿ ͏ ﻿ ͏ ﻿ ͏ ﻿ ͏ ﻿ ͏ ﻿ ͏ ﻿ ͏ ﻿ ͏ ﻿ ͏ ﻿ ͏ ﻿ ͏ ﻿ ͏ ﻿ ͏ ﻿ ͏ ﻿ ͏ ﻿ ͏ ﻿ ͏ ﻿ ͏ ﻿ ͏ ﻿ ͏ ﻿ ͏ ﻿ ͏ ﻿ ͏ ﻿ ͏ ﻿ ͏ ﻿ ͏ ﻿ ͏ ﻿ ͏ ﻿ ͏ ﻿ ͏ ﻿ ͏ ﻿ ͏ ﻿ ͏ ﻿ ͏ ﻿
2025-04-06 13:41:18,Non-English,Your semester results are now available.
2025-04-06 13:41:18,Non-English,Infosys Data Analyst: Primary skills:Technology-&gt;Big Data-&gt;Big Data -… ͏ ͏ ͏ ͏ ͏ ͏ ͏ ͏ ͏ ͏ ͏ ͏ ͏ ͏ ͏ ͏ ͏ ͏ ͏ ͏ ͏ ͏ ͏ ͏ ͏ ͏ ͏ ͏ ͏ ͏ ͏ ͏ ͏ ͏ ͏ ͏ ͏ ͏ ͏ ͏ ͏ ͏ ͏ ͏ ͏ ͏ ͏ ͏ ͏ ͏ ͏ ͏ ͏ ͏ ͏ ͏ ͏ ͏ ͏ ͏ ͏ ͏
2025-04-06 13:41:18,Non-English,"Postulez aux offres publiées par Amazon Data Services France SAS, Amazon France Transport SAS et Amazon EU SARL (FR) - D69 ‌ ‌ ‌ ‌ ‌ ‌ ‌ ‌ ‌ ‌ ‌ ‌ ‌ ‌ ‌ ‌ ‌ ‌ ‌ ‌ ‌ ‌ ‌ ‌ ‌ ‌ ‌ ‌ ‌ ‌ ‌ ‌ ‌ ‌ ‌ ‌ ‌ ‌ ‌"
2025-04-06 13:41:18,Non-English,John is waiting for your response ͏ ͏ ͏ ͏ ͏ ͏ ͏ ͏ ͏ ͏ ͏ ͏ ͏ ͏ ͏ ͏ ͏ ͏ ͏ ͏ ͏ ͏ ͏ ͏ ͏ ͏ ͏ ͏ ͏ ͏ ͏ ͏ ͏ ͏ ͏ ͏ ͏ ͏ ͏ ͏ ͏ ͏ ͏ ͏ ͏ ͏ ͏ ͏ ͏ ͏ ͏ ͏ ͏ ͏ ͏ ͏ ͏ ͏ ͏ ͏ ͏ ͏ ͏ ͏ ͏ ͏ ͏ ͏ ͏ ͏ ͏ ͏ ͏ ͏ ͏ ͏ ͏ ͏ ͏ ͏ ͏ ͏ ͏ ͏
2025-04-06 13:41:18,Non-English,Limited time offer ‌ ‌ ‌ ‌ ‌ ‌ ‌ ‌ ‌ ‌ ‌ ‌ ‌ ‌ ‌ ‌ ‌ ‌ ‌ ‌ ͏ ‌ ‌ ‌ ‌ ‌ ‌ ‌ ‌ ‌ ‌ ‌ ‌ ‌ ‌ ‌ ‌ ‌ ‌ ‌ ‌ ‌ ͏ ‌ ‌ ‌ ‌ ‌ ‌ ‌ ‌ ‌ ‌ ‌ ‌ ‌ ‌ ‌ ‌ ‌ ‌ ‌ ‌ ‌ ͏ ‌ ‌ ‌ ‌ ‌ ‌ ‌ ‌ ‌ ‌ ‌ ‌ ‌ ‌ ‌ ‌ ‌ ‌ ‌ ‌ ‌ ͏ ‌ ‌ ‌ ‌
2025-04-06 13:41:18,Non-English,Your semester results are now available.
2025-04-06 13:41:18,Non-English,bhavya elluri commented on your post. ͏ ͏ ͏ ͏ ͏ ͏ ͏ ͏ ͏ ͏ ͏ ͏ ͏ ͏ ͏ ͏ ͏ ͏ ͏ ͏ ͏ ͏ ͏ ͏ ͏ ͏ ͏ ͏ ͏ ͏ ͏ ͏ ͏ ͏ ͏ ͏ ͏ ͏ ͏ ͏ ͏ ͏ ͏ ͏ ͏ ͏ ͏ ͏ ͏ ͏ ͏ ͏ ͏ ͏ ͏ ͏ ͏ ͏ ͏ ͏ ͏ ͏ ͏ ͏ ͏ ͏ ͏ ͏ ͏ ͏ ͏ ͏ ͏ ͏ ͏ ͏ ͏ ͏ ͏ ͏ ͏ ͏
2025-04-06 13:41:18,Non-English,Your semester results are now available.
2025-04-06 13:41:18,Non-English,"Envie d&#39;évoluer? Débloquez plus de 10 000 programmes Google, IBM et bien d&#39;autres. ͏ ‌ ﻿ ͏ ‌ ﻿ ͏ ‌ ﻿ ͏ ‌ ﻿ ͏ ‌ ﻿ ͏ ‌ ﻿ ͏ ‌ ﻿ ͏ ‌ ﻿ ͏ ‌ ﻿ ͏ ‌ ﻿ ͏ ‌ ﻿ ͏ ‌ ﻿ ͏ ‌ ﻿ ͏ ‌ ﻿ ͏ ‌ ﻿ ͏ ‌ ﻿ ͏ ‌ ﻿ ͏ ‌ ﻿ ͏"
2025-04-06 13:41:18,Non-English,Your semester results are now available.
2025-04-06 13:41:18,Non-English,Your semester results are now available.
2025-04-06 13:41:18,Non-English,Your semester results are now available.
2025-04-06 13:41:18,Non-English,Your semester results are now available.
2025-04-06 13:41:18,Non-English,Your semester results are now available.
2025-04-06 13:41:18,Non-English,You have 2 new messages ͏ ͏ ͏ ͏ ͏ ͏ ͏ ͏ ͏ ͏ ͏ ͏ ͏ ͏ ͏ ͏ ͏ ͏ ͏ ͏ ͏ ͏ ͏ ͏ ͏ ͏ ͏ ͏ ͏ ͏ ͏ ͏ ͏ ͏ ͏ ͏ ͏ ͏ ͏ ͏ ͏ ͏ ͏ ͏ ͏ ͏ ͏ ͏ ͏ ͏ ͏ ͏ ͏ ͏ ͏ ͏ ͏ ͏ ͏ ͏ ͏ ͏ ͏ ͏ ͏ ͏ ͏ ͏ ͏ ͏ ͏ ͏ ͏ ͏ ͏ ͏ ͏ ͏ ͏ ͏ ͏ ͏ ͏ ͏ ͏ ͏ ͏ ͏ ͏
2025-04-06 13:41:18,Non-English,Your semester results are now available.
2025-04-06 13:41:18,Non-English,Your semester results are now available.
2025-04-06 13:41:18,Non-English,Your semester results are now available.
2025-04-06 13:41:18,Non-English,Your semester results are now available.
2025-04-06 13:41:18,Non-English,Keep the momentum going! ͏ ͏ ͏ ͏ ͏ ͏ ͏ ͏ ͏ ͏ ͏ ͏ ͏ ͏ ͏ ͏ ͏ ͏ ͏ ͏ ͏ ͏ ͏ ͏ ͏ ͏ ͏ ͏ ͏ ͏ ͏ ͏ ͏ ͏ ͏ ͏ ͏ ͏ ͏ ͏ ͏ ͏ ͏ ͏ ͏ ͏ ͏ ͏ ͏ ͏ ͏ ͏ ͏ ͏ ͏ ͏ ͏ ͏ ͏ ͏ ͏ ͏ ͏ ͏ ͏ ͏ ͏ ͏ ͏ ͏ ͏ ͏ ͏ ͏ ͏ ͏ ͏ ͏ ͏ ͏ ͏ ͏ ͏ ͏ ͏ ͏ ͏ ͏
2025-04-06 13:41:18,Non-English,Applications closing soon ﻿ ͏ ﻿ ͏ ﻿ ͏ ﻿ ͏ ﻿ ͏ ﻿ ͏ ﻿ ͏ ﻿ ͏ ﻿ ͏ ﻿ ͏ ﻿ ͏ ﻿ ͏ ﻿ ͏ ﻿ ͏ ﻿ ͏ ﻿ ͏ ﻿ ͏ ﻿ ͏ ﻿ ͏ ﻿ ͏ ﻿ ͏ ﻿ ͏ ﻿ ͏ ﻿ ͏ ﻿ ͏ ﻿ ͏ ﻿ ͏ ﻿ ͏ ﻿ ͏ ﻿ ͏ ﻿ ͏ ﻿ ͏ ﻿ ͏ ﻿ ͏ ﻿ ͏ ﻿ ͏ ﻿ ͏ ﻿ ͏ ﻿ ͏ ﻿ ͏ ﻿ ͏ ﻿ ͏ ﻿ ͏ ﻿ ͏
2025-04-06 13:41:18,Non-English,Browse rentals without brokers ﻿ ͏ ﻿ ͏ ﻿ ͏ ﻿ ͏ ﻿ ͏ ﻿ ͏ ﻿ ͏ ﻿ ͏ ﻿ ͏ ﻿ ͏ ﻿ ͏ ﻿ ͏ ﻿ ͏ ﻿ ͏ ﻿ ͏ ﻿ ͏ ﻿ ͏ ﻿ ͏ ﻿ ͏ ﻿ ͏ ﻿ ͏ ﻿ ͏ ﻿ ͏ ﻿ ͏ ﻿ ͏ ﻿ ͏ ﻿ ͏ ﻿ ͏ ﻿ ͏ ﻿ ͏ ﻿ ͏ ﻿ ͏ ﻿ ͏ ﻿ ͏ ﻿ ͏ ﻿ ͏ ﻿ ͏ ﻿ ͏ ﻿ ͏ ﻿ ͏ ﻿ ͏ ﻿ ͏ ﻿
2025-04-06 13:41:18,Non-English,2 new messages await your response ͏ ͏ ͏ ͏ ͏ ͏ ͏ ͏ ͏ ͏ ͏ ͏ ͏ ͏ ͏ ͏ ͏ ͏ ͏ ͏ ͏ ͏ ͏ ͏ ͏ ͏ ͏ ͏ ͏ ͏ ͏ ͏ ͏ ͏ ͏ ͏ ͏ ͏ ͏ ͏ ͏ ͏ ͏ ͏ ͏ ͏ ͏ ͏ ͏ ͏ ͏ ͏ ͏ ͏ ͏ ͏ ͏ ͏ ͏ ͏ ͏ ͏ ͏ ͏ ͏ ͏ ͏ ͏ ͏ ͏ ͏ ͏ ͏ ͏ ͏ ͏ ͏ ͏ ͏ ͏ ͏ ͏ ͏
2025-04-06 13:41:19,Non-English,Postulez aux offres publiées par Amazon Data Services France SAS et Amazon EU SARL (FR) ‌ ‌ ‌ ‌ ‌ ‌ ‌ ‌ ‌ ‌ ‌ ‌ ‌ ‌ ‌ ‌ ‌ ‌ ‌ ‌ ‌ ‌ ‌ ‌ ‌ ‌ ‌ ‌ ‌ ‌ ‌ ‌ ‌ ‌ ‌ ‌ ‌ ‌ ‌ ‌ ‌ ‌ ‌ ‌ ‌ ‌ ‌ ‌ ‌ ‌ ‌ ‌ ‌ ‌ ‌ ‌ ‌
2025-04-06 13:41:19,Non-English,"Valtech Business Intelligence Analyst / Data Engineer: At Valtech, We&#39;ve Got Opportunities To Offer You… ͏ ͏ ͏ ͏ ͏ ͏ ͏ ͏ ͏ ͏ ͏ ͏ ͏ ͏ ͏ ͏ ͏ ͏ ͏ ͏ ͏ ͏ ͏ ͏ ͏ ͏ ͏ ͏ ͏ ͏ ͏ ͏ ͏ ͏ ͏ ͏ ͏ ͏ ͏ ͏ ͏ ͏ ͏ ͏ ͏ ͏"
2025-04-06 13:41:19,Non-English,Your semester results are now available.
2025-04-06 13:41:19,Non-English,Your semester results are now available.
2025-04-06 13:41:19,Non-English,"Avinash Mynampati, view details. ﻿ ͏ ﻿ ͏ ﻿ ͏ ﻿ ͏ ﻿ ͏ ﻿ ͏ ﻿ ͏ ﻿ ͏ ﻿ ͏ ﻿ ͏ ﻿ ͏ ﻿ ͏ ﻿ ͏ ﻿ ͏ ﻿ ͏ ﻿ ͏ ﻿ ͏ ﻿ ͏ ﻿ ͏ ﻿ ͏ ﻿ ͏ ﻿ ͏ ﻿ ͏ ﻿ ͏ ﻿ ͏ ﻿ ͏ ﻿ ͏ ﻿ ͏ ﻿ ͏ ﻿ ͏ ﻿ ͏ ﻿ ͏ ﻿ ͏ ﻿ ͏ ﻿ ͏ ﻿ ͏ ﻿ ͏ ﻿ ͏ ﻿ ͏ ﻿ ͏ ﻿ ͏ ﻿ ͏"
2025-04-06 13:41:19,Non-English,Your semester results are now available.
2025-04-06 13:41:19,Non-English,Ready to learn something new? ͏ ‌ ﻿ ͏ ‌ ﻿ ͏ ‌ ﻿ ͏ ‌ ﻿ ͏ ‌ ﻿ ͏ ‌ ﻿ ͏ ‌ ﻿ ͏ ‌ ﻿ ͏ ‌ ﻿ ͏ ‌ ﻿ ͏ ‌ ﻿ ͏ ‌ ﻿ ͏ ‌ ﻿ ͏ ‌ ﻿ ͏ ‌ ﻿ ͏ ‌ ﻿ ͏ ‌ ﻿ ͏ ‌ ﻿ ͏ ‌ ﻿ ͏ ‌ ﻿ ͏ ‌ ﻿ ͏ ‌ ﻿ ͏ ‌ ﻿ ͏ ‌ ﻿ ͏ ‌ ﻿ ͏ ‌ ﻿ ͏ ‌ ﻿ ͏ ‌ ﻿ ͏ ‌
2025-04-06 13:41:19,Non-English,Your semester results are now available.
2025-04-06 13:41:19,Non-English,Your semester results are now available.
2025-04-06 13:41:19,Non-English,Your semester results are now available.
2025-04-06 13:41:19,Non-English,Your semester results are now available.
2025-04-06 13:41:19,Non-English,"Avinash Mynampati, apply today! ﻿ ͏ ﻿ ͏ ﻿ ͏ ﻿ ͏ ﻿ ͏ ﻿ ͏ ﻿ ͏ ﻿ ͏ ﻿ ͏ ﻿ ͏ ﻿ ͏ ﻿ ͏ ﻿ ͏ ﻿ ͏ ﻿ ͏ ﻿ ͏ ﻿ ͏ ﻿ ͏ ﻿ ͏ ﻿ ͏ ﻿ ͏ ﻿ ͏ ﻿ ͏ ﻿ ͏ ﻿ ͏ ﻿ ͏ ﻿ ͏ ﻿ ͏ ﻿ ͏ ﻿ ͏ ﻿ ͏ ﻿ ͏ ﻿ ͏ ﻿ ͏ ﻿ ͏ ﻿ ͏ ﻿ ͏ ﻿ ͏ ﻿ ͏ ﻿ ͏ ﻿ ͏ ﻿ ͏ ﻿"
2025-04-06 13:41:19,Non-English,Your semester results are now available.
2025-04-06 13:41:19,Non-English,Your semester results are now available.
2025-04-06 13:41:19,Non-English,Get easy home cleaning services. ﻿ ͏ ﻿ ͏ ﻿ ͏ ﻿ ͏ ﻿ ͏ ﻿ ͏ ﻿ ͏ ﻿ ͏ ﻿ ͏ ﻿ ͏ ﻿ ͏ ﻿ ͏ ﻿ ͏ ﻿ ͏ ﻿ ͏ ﻿ ͏ ﻿ ͏ ﻿ ͏ ﻿ ͏ ﻿ ͏ ﻿ ͏ ﻿ ͏ ﻿ ͏ ﻿ ͏ ﻿ ͏ ﻿ ͏ ﻿ ͏ ﻿ ͏ ﻿ ͏ ﻿ ͏ ﻿ ͏ ﻿ ͏ ﻿ ͏ ﻿ ͏ ﻿ ͏ ﻿ ͏ ﻿ ͏ ﻿ ͏ ﻿ ͏ ﻿ ͏ ﻿ ͏ ﻿ ͏
2025-04-06 13:41:19,Non-English,Hiring now! ﻿ ͏ ﻿ ͏ ﻿ ͏ ﻿ ͏ ﻿ ͏ ﻿ ͏ ﻿ ͏ ﻿ ͏ ﻿ ͏ ﻿ ͏ ﻿ ͏ ﻿ ͏ ﻿ ͏ ﻿ ͏ ﻿ ͏ ﻿ ͏ ﻿ ͏ ﻿ ͏ ﻿ ͏ ﻿ ͏ ﻿ ͏ ﻿ ͏ ﻿ ͏ ﻿ ͏ ﻿ ͏ ﻿ ͏ ﻿ ͏ ﻿ ͏ ﻿ ͏ ﻿ ͏ ﻿ ͏ ﻿ ͏ ﻿ ͏ ﻿ ͏ ﻿ ͏ ﻿ ͏ ﻿ ͏ ﻿ ͏ ﻿ ͏ ﻿ ͏ ﻿ ͏ ﻿ ͏ ﻿ ͏ ﻿ ͏ ﻿ ͏ ﻿ ͏ ﻿ ͏ ﻿
2025-04-06 13:41:19,Non-English,Your semester results are now available.
2025-04-06 13:41:19,Non-English,Your semester results are now available.
2025-04-06 13:41:19,Non-English,Your semester results are now available.
2025-04-06 13:41:19,Non-English,Your semester results are now available.
2025-04-06 13:41:19,Non-English,You&#39;re getting noticed ͏ ͏ ͏ ͏ ͏ ͏ ͏ ͏ ͏ ͏ ͏ ͏ ͏ ͏ ͏ ͏ ͏ ͏ ͏ ͏ ͏ ͏ ͏ ͏ ͏ ͏ ͏ ͏ ͏ ͏ ͏ ͏ ͏ ͏ ͏ ͏ ͏ ͏ ͏ ͏ ͏ ͏ ͏ ͏ ͏ ͏ ͏ ͏ ͏ ͏ ͏ ͏ ͏ ͏ ͏ ͏ ͏ ͏ ͏ ͏ ͏ ͏ ͏ ͏ ͏ ͏ ͏ ͏ ͏ ͏ ͏ ͏ ͏ ͏ ͏ ͏ ͏ ͏ ͏ ͏ ͏ ͏ ͏ ͏ ͏ ͏ ͏
2025-04-06 13:41:19,Non-English,Ready to learn something new? ͏ ‌ ﻿ ͏ ‌ ﻿ ͏ ‌ ﻿ ͏ ‌ ﻿ ͏ ‌ ﻿ ͏ ‌ ﻿ ͏ ‌ ﻿ ͏ ‌ ﻿ ͏ ‌ ﻿ ͏ ‌ ﻿ ͏ ‌ ﻿ ͏ ‌ ﻿ ͏ ‌ ﻿ ͏ ‌ ﻿ ͏ ‌ ﻿ ͏ ‌ ﻿ ͏ ‌ ﻿ ͏ ‌ ﻿ ͏ ‌ ﻿ ͏ ‌ ﻿ ͏ ‌ ﻿ ͏ ‌ ﻿ ͏ ‌ ﻿ ͏ ‌ ﻿ ͏ ‌ ﻿ ͏ ‌ ﻿ ͏ ‌ ﻿ ͏ ‌ ﻿ ͏ ‌
2025-04-06 13:41:19,Non-English,Your semester results are now available.
2025-04-06 13:41:19,Non-English,Your semester results are now available.
2025-04-06 13:41:19,Non-English,Check out how to get even more impressions! ͏ ͏ ͏ ͏ ͏ ͏ ͏ ͏ ͏ ͏ ͏ ͏ ͏ ͏ ͏ ͏ ͏ ͏ ͏ ͏ ͏ ͏ ͏ ͏ ͏ ͏ ͏ ͏ ͏ ͏ ͏ ͏ ͏ ͏ ͏ ͏ ͏ ͏ ͏ ͏ ͏ ͏ ͏ ͏ ͏ ͏ ͏ ͏ ͏ ͏ ͏ ͏ ͏ ͏ ͏ ͏ ͏ ͏ ͏ ͏ ͏ ͏ ͏ ͏ ͏ ͏ ͏ ͏ ͏ ͏ ͏ ͏ ͏ ͏ ͏ ͏ ͏ ͏ ͏
2025-04-06 13:41:19,Non-English,Your easy relocation awaits. ﻿ ͏ ﻿ ͏ ﻿ ͏ ﻿ ͏ ﻿ ͏ ﻿ ͏ ﻿ ͏ ﻿ ͏ ﻿ ͏ ﻿ ͏ ﻿ ͏ ﻿ ͏ ﻿ ͏ ﻿ ͏ ﻿ ͏ ﻿ ͏ ﻿ ͏ ﻿ ͏ ﻿ ͏ ﻿ ͏ ﻿ ͏ ﻿ ͏ ﻿ ͏ ﻿ ͏ ﻿ ͏ ﻿ ͏ ﻿ ͏ ﻿ ͏ ﻿ ͏ ﻿ ͏ ﻿ ͏ ﻿ ͏ ﻿ ͏ ﻿ ͏ ﻿ ͏ ﻿ ͏ ﻿ ͏ ﻿ ͏ ﻿ ͏ ﻿ ͏ ﻿ ͏ ﻿ ͏ ﻿ ͏
2025-04-06 13:41:19,Non-English,SkillFied Mentor Data Scientist: 🧠 DATA SCIENTIST INTERN – REMOTE | UNPAID |… ͏ ͏ ͏ ͏ ͏ ͏ ͏ ͏ ͏ ͏ ͏ ͏ ͏ ͏ ͏ ͏ ͏ ͏ ͏ ͏ ͏ ͏ ͏ ͏ ͏ ͏ ͏ ͏ ͏ ͏ ͏ ͏ ͏ ͏ ͏ ͏ ͏ ͏ ͏ ͏ ͏ ͏ ͏ ͏ ͏ ͏ ͏ ͏ ͏ ͏ ͏ ͏ ͏ ͏ ͏ ͏ ͏ ͏ ͏ ͏ ͏ ͏
2025-04-06 13:41:19,Non-English,Your semester results are now available.
2025-04-06 13:41:19,Non-English,Your semester results are now available.
2025-04-06 13:41:19,Non-English,End-to-end assistance with Tenant Plans✅ ﻿ ͏ ﻿ ͏ ﻿ ͏ ﻿ ͏ ﻿ ͏ ﻿ ͏ ﻿ ͏ ﻿ ͏ ﻿ ͏ ﻿ ͏ ﻿ ͏ ﻿ ͏ ﻿ ͏ ﻿ ͏ ﻿ ͏ ﻿ ͏ ﻿ ͏ ﻿ ͏ ﻿ ͏ ﻿ ͏ ﻿ ͏ ﻿ ͏ ﻿ ͏ ﻿ ͏ ﻿ ͏ ﻿ ͏ ﻿ ͏ ﻿ ͏ ﻿ ͏ ﻿ ͏ ﻿ ͏ ﻿ ͏ ﻿ ͏ ﻿ ͏ ﻿ ͏ ﻿ ͏ ﻿ ͏ ﻿ ͏ ﻿ ͏ ﻿ ͏
2025-04-06 13:41:19,Non-English,Your semester results are now available.
2025-04-06 13:41:19,Non-English,Your semester results are now available.
2025-04-06 13:41:19,Non-English,Your semester results are now available.
2025-04-06 13:41:20,Non-English,Latest job opportunities in your field. ﻿ ͏ ﻿ ͏ ﻿ ͏ ﻿ ͏ ﻿ ͏ ﻿ ͏ ﻿ ͏ ﻿ ͏ ﻿ ͏ ﻿ ͏ ﻿ ͏ ﻿ ͏ ﻿ ͏ ﻿ ͏ ﻿ ͏ ﻿ ͏ ﻿ ͏ ﻿ ͏ ﻿ ͏ ﻿ ͏ ﻿ ͏ ﻿ ͏ ﻿ ͏ ﻿ ͏ ﻿ ͏ ﻿ ͏ ﻿ ͏ ﻿ ͏ ﻿ ͏ ﻿ ͏ ﻿ ͏ ﻿ ͏ ﻿ ͏ ﻿ ͏ ﻿ ͏ ﻿ ͏ ﻿ ͏ ﻿ ͏ ﻿ ͏ ﻿ ͏ ﻿
2025-04-06 13:41:20,Non-English,Your semester results are now available.
2025-04-06 13:41:20,Non-English,Your semester results are now available.
2025-04-06 13:41:20,Non-English,Your semester results are now available.
2025-04-06 13:41:20,Non-English,These are the key skills they are looking for! ͏ ‌ ﻿ ͏ ‌ ﻿ ͏ ‌ ﻿ ͏ ‌ ﻿ ͏ ‌ ﻿ ͏ ‌ ﻿ ͏ ‌ ﻿ ͏ ‌ ﻿ ͏ ‌ ﻿ ͏ ‌ ﻿ ͏ ‌ ﻿ ͏ ‌ ﻿ ͏ ‌ ﻿ ͏ ‌ ﻿ ͏ ‌ ﻿ ͏ ‌ ﻿ ͏ ‌ ﻿ ͏ ‌ ﻿ ͏ ‌ ﻿ ͏ ‌ ﻿ ͏ ‌ ﻿ ͏ ‌ ﻿ ͏ ‌ ﻿ ͏ ‌ ﻿ ͏ ‌ ﻿ ͏ ‌
2025-04-06 13:41:20,Non-English,Your semester results are now available.
2025-04-06 13:41:20,Non-English,Your semester results are now available.
2025-04-06 13:41:20,Non-English,Your semester results are now available.
2025-04-06 13:41:20,Non-English,Infosys Data Analyst: Primary skills:Technology-&gt;Big Data-&gt;Big Data -… ͏ ͏ ͏ ͏ ͏ ͏ ͏ ͏ ͏ ͏ ͏ ͏ ͏ ͏ ͏ ͏ ͏ ͏ ͏ ͏ ͏ ͏ ͏ ͏ ͏ ͏ ͏ ͏ ͏ ͏ ͏ ͏ ͏ ͏ ͏ ͏ ͏ ͏ ͏ ͏ ͏ ͏ ͏ ͏ ͏ ͏ ͏ ͏ ͏ ͏ ͏ ͏ ͏ ͏ ͏ ͏ ͏ ͏ ͏ ͏ ͏ ͏
2025-04-06 13:41:20,Non-English,"Postulez aux offres publiées par Amazon Online France SAS, Amazon Online France SAS - C82 et Amazon France Transport SAS ‌ ‌ ‌ ‌ ‌ ‌ ‌ ‌ ‌ ‌ ‌ ‌ ‌ ‌ ‌ ‌ ‌ ‌ ‌ ‌ ‌ ‌ ‌ ‌ ‌ ‌ ‌ ‌ ‌ ‌ ‌ ‌ ‌ ‌ ‌ ‌ ‌ ‌ ‌ ‌"
2025-04-06 13:41:20,Non-English,Latest job opportunities in your field. ﻿ ͏ ﻿ ͏ ﻿ ͏ ﻿ ͏ ﻿ ͏ ﻿ ͏ ﻿ ͏ ﻿ ͏ ﻿ ͏ ﻿ ͏ ﻿ ͏ ﻿ ͏ ﻿ ͏ ﻿ ͏ ﻿ ͏ ﻿ ͏ ﻿ ͏ ﻿ ͏ ﻿ ͏ ﻿ ͏ ﻿ ͏ ﻿ ͏ ﻿ ͏ ﻿ ͏ ﻿ ͏ ﻿ ͏ ﻿ ͏ ﻿ ͏ ﻿ ͏ ﻿ ͏ ﻿ ͏ ﻿ ͏ ﻿ ͏ ﻿ ͏ ﻿ ͏ ﻿ ͏ ﻿ ͏ ﻿ ͏ ﻿ ͏ ﻿ ͏ ﻿
2025-04-06 13:41:20,Non-English,Your semester results are now available.
2025-04-06 13:41:20,Non-English,"Postulez aux offres publiées par Amazon Data Services France SAS, Amazon France Services SaS et Amazon France Transport SAS ‌ ‌ ‌ ‌ ‌ ‌ ‌ ‌ ‌ ‌ ‌ ‌ ‌ ‌ ‌ ‌ ‌ ‌ ‌ ‌ ‌ ‌ ‌ ‌ ‌ ‌ ‌ ‌ ‌ ‌ ‌ ‌ ‌ ‌ ‌ ‌ ‌ ‌ ‌"
2025-04-06 13:41:20,Non-English,Your semester results are now available.
2025-04-06 13:41:20,Non-English,Your semester results are now available.
2025-04-06 13:41:20,Non-English,"Postulez aux offres publiées par Amazon Data Services France SAS, Amazon France Logistique SAS et Amazon France Transport SAS ‌ ‌ ‌ ‌ ‌ ‌ ‌ ‌ ‌ ‌ ‌ ‌ ‌ ‌ ‌ ‌ ‌ ‌ ‌ ‌ ‌ ‌ ‌ ‌ ‌ ‌ ‌ ‌ ‌ ‌ ‌ ‌ ‌ ‌ ‌ ‌ ‌ ‌"
2025-04-06 13:41:20,Non-English,Your semester results are now available.
2025-04-06 13:41:20,Non-English,Simplify your event planning with Unstop. ﻿ ͏ ﻿ ͏ ﻿ ͏ ﻿ ͏ ﻿ ͏ ﻿ ͏ ﻿ ͏ ﻿ ͏ ﻿ ͏ ﻿ ͏ ﻿ ͏ ﻿ ͏ ﻿ ͏ ﻿ ͏ ﻿ ͏ ﻿ ͏ ﻿ ͏ ﻿ ͏ ﻿ ͏ ﻿ ͏ ﻿ ͏ ﻿ ͏ ﻿ ͏ ﻿ ͏ ﻿ ͏ ﻿ ͏ ﻿ ͏ ﻿ ͏ ﻿ ͏ ﻿ ͏ ﻿ ͏ ﻿ ͏ ﻿ ͏ ﻿ ͏ ﻿ ͏ ﻿ ͏ ﻿ ͏ ﻿ ͏ ﻿ ͏ ﻿ ͏
2025-04-06 13:41:20,Non-English,Your semester results are now available.
2025-04-06 13:41:20,Non-English,Posted on 3/26/2025 ͏ ͏ ͏ ͏ ͏ ͏ ͏ ͏ ͏ ͏ ͏ ͏ ͏ ͏ ͏ ͏ ͏ ͏ ͏ ͏ ͏ ͏ ͏ ͏ ͏ ͏ ͏ ͏ ͏ ͏ ͏ ͏ ͏ ͏ ͏ ͏ ͏ ͏ ͏ ͏ ͏ ͏ ͏ ͏ ͏ ͏ ͏ ͏ ͏ ͏ ͏ ͏ ͏ ͏ ͏ ͏ ͏ ͏ ͏ ͏ ͏ ͏ ͏ ͏ ͏ ͏ ͏ ͏ ͏ ͏ ͏ ͏ ͏ ͏ ͏ ͏ ͏ ͏ ͏ ͏ ͏ ͏ ͏ ͏ ͏ ͏ ͏ ͏ ͏ ͏ ͏
2025-04-06 13:41:20,Non-English,Your semester results are now available.
2025-04-06 13:41:20,Non-English,Deals are in bloom 🌷 ‌ ‌ ‌ ‌ ‌ ‌ ‌ ‌ ‌ ‌ ‌ ‌ ‌ ‌ ‌ ‌ ‌ ‌ ‌ ‌ ‌ ‌ ‌ ‌ ‌ ‌ ‌ ‌ ‌ ‌ ‌ ‌ ‌ ‌ ‌ ‌ ‌ ‌ ‌ ‌ ‌ ‌ ‌ ‌ ‌ ‌ ‌ ‌ ‌ ‌ ‌ ‌ ‌ ‌ ‌ ‌ ‌ ‌ ‌ ‌ ‌ ‌ ‌ ‌ ‌ ‌ ‌ ‌ ‌ ‌ ‌ ‌ ‌ ‌ ‌ ‌ ‌ ‌ ‌ ‌ ‌ ‌ ‌ ‌ ‌ ‌ ‌ ‌ ‌ ‌
2025-04-06 13:41:20,Non-English,"Postulez aux offres publiées par Amazon Data Services France SAS, Amazon Online France SAS et Amazon France Services SaS ‌ ‌ ‌ ‌ ‌ ‌ ‌ ‌ ‌ ‌ ‌ ‌ ‌ ‌ ‌ ‌ ‌ ‌ ‌ ‌ ‌ ‌ ‌ ‌ ‌ ‌ ‌ ‌ ‌ ‌ ‌ ‌ ‌ ‌ ‌ ‌ ‌ ‌ ‌ ‌"
2025-04-06 13:41:20,Non-English,Browse rentals without brokers. ﻿ ͏ ﻿ ͏ ﻿ ͏ ﻿ ͏ ﻿ ͏ ﻿ ͏ ﻿ ͏ ﻿ ͏ ﻿ ͏ ﻿ ͏ ﻿ ͏ ﻿ ͏ ﻿ ͏ ﻿ ͏ ﻿ ͏ ﻿ ͏ ﻿ ͏ ﻿ ͏ ﻿ ͏ ﻿ ͏ ﻿ ͏ ﻿ ͏ ﻿ ͏ ﻿ ͏ ﻿ ͏ ﻿ ͏ ﻿ ͏ ﻿ ͏ ﻿ ͏ ﻿ ͏ ﻿ ͏ ﻿ ͏ ﻿ ͏ ﻿ ͏ ﻿ ͏ ﻿ ͏ ﻿ ͏ ﻿ ͏ ﻿ ͏ ﻿ ͏ ﻿ ͏ ﻿ ͏ ﻿
2025-04-06 13:41:20,Non-English,These are the key skills they are looking for! ͏ ‌ ﻿ ͏ ‌ ﻿ ͏ ‌ ﻿ ͏ ‌ ﻿ ͏ ‌ ﻿ ͏ ‌ ﻿ ͏ ‌ ﻿ ͏ ‌ ﻿ ͏ ‌ ﻿ ͏ ‌ ﻿ ͏ ‌ ﻿ ͏ ‌ ﻿ ͏ ‌ ﻿ ͏ ‌ ﻿ ͏ ‌ ﻿ ͏ ‌ ﻿ ͏ ‌ ﻿ ͏ ‌ ﻿ ͏ ‌ ﻿ ͏ ‌ ﻿ ͏ ‌ ﻿ ͏ ‌ ﻿ ͏ ‌ ﻿ ͏ ‌ ﻿ ͏ ‌ ﻿ ͏ ‌
2025-04-06 13:41:20,Non-English,Your semester results are now available.
2025-04-06 13:41:20,Non-English,Your semester results are now available.
2025-04-06 13:41:20,Non-English,"Avinash Mynampati, register today! ﻿ ͏ ﻿ ͏ ﻿ ͏ ﻿ ͏ ﻿ ͏ ﻿ ͏ ﻿ ͏ ﻿ ͏ ﻿ ͏ ﻿ ͏ ﻿ ͏ ﻿ ͏ ﻿ ͏ ﻿ ͏ ﻿ ͏ ﻿ ͏ ﻿ ͏ ﻿ ͏ ﻿ ͏ ﻿ ͏ ﻿ ͏ ﻿ ͏ ﻿ ͏ ﻿ ͏ ﻿ ͏ ﻿ ͏ ﻿ ͏ ﻿ ͏ ﻿ ͏ ﻿ ͏ ﻿ ͏ ﻿ ͏ ﻿ ͏ ﻿ ͏ ﻿ ͏ ﻿ ͏ ﻿ ͏ ﻿ ͏ ﻿ ͏ ﻿ ͏ ﻿ ͏ ﻿"
2025-04-06 13:41:20,Non-English,See new openings ‌ ‌ ‌ ‌ ‌ ‌ ‌ ‌ ‌ ‌ ‌ ‌ ‌ ‌ ‌ ‌ ‌ ‌ ‌ ‌ ‌ ‌ ‌ ‌ ‌ ‌ ‌ ‌ ‌ ‌ ‌ ‌ ‌ ‌ ‌ ‌ ‌ ‌ ‌ ‌ ‌ ‌ ‌ ‌ ‌ ‌ ‌ ‌ ‌ ‌ ‌ ‌ ‌ ‌ ‌ ‌ ‌ ‌ ‌ ‌ ‌ ‌ ‌ ‌ ‌ ‌ ‌ ‌ ‌ ‌ ‌ ‌ ‌ ‌ ‌ ‌ ‌ ‌ ‌ ‌ ‌ ‌ ‌ ‌ ‌ ‌ ‌ ‌ ‌ ‌ ‌ ‌
2025-04-06 13:41:20,Non-English,Your semester results are now available.
2025-04-06 13:41:20,Non-English,"Cleaning, repairs &amp; more. ﻿ ͏ ﻿ ͏ ﻿ ͏ ﻿ ͏ ﻿ ͏ ﻿ ͏ ﻿ ͏ ﻿ ͏ ﻿ ͏ ﻿ ͏ ﻿ ͏ ﻿ ͏ ﻿ ͏ ﻿ ͏ ﻿ ͏ ﻿ ͏ ﻿ ͏ ﻿ ͏ ﻿ ͏ ﻿ ͏ ﻿ ͏ ﻿ ͏ ﻿ ͏ ﻿ ͏ ﻿ ͏ ﻿ ͏ ﻿ ͏ ﻿ ͏ ﻿ ͏ ﻿ ͏ ﻿ ͏ ﻿ ͏ ﻿ ͏ ﻿ ͏ ﻿ ͏ ﻿ ͏ ﻿ ͏ ﻿ ͏ ﻿ ͏ ﻿ ͏ ﻿ ͏ ﻿ ͏ ﻿ ͏"
2025-04-06 13:41:20,Non-English,Your semester results are now available.
2025-04-06 13:41:20,Non-English,Jobs that match your background ﻿ ͏ ﻿ ͏ ﻿ ͏ ﻿ ͏ ﻿ ͏ ﻿ ͏ ﻿ ͏ ﻿ ͏ ﻿ ͏ ﻿ ͏ ﻿ ͏ ﻿ ͏ ﻿ ͏ ﻿ ͏ ﻿ ͏ ﻿ ͏ ﻿ ͏ ﻿ ͏ ﻿ ͏ ﻿ ͏ ﻿ ͏ ﻿ ͏ ﻿ ͏ ﻿ ͏ ﻿ ͏ ﻿ ͏ ﻿ ͏ ﻿ ͏ ﻿ ͏ ﻿ ͏ ﻿ ͏ ﻿ ͏ ﻿ ͏ ﻿ ͏ ﻿ ͏ ﻿ ͏ ﻿ ͏ ﻿ ͏ ﻿ ͏ ﻿ ͏ ﻿ ͏ ﻿ ͏ ﻿
2025-04-06 13:41:20,Non-English,"Postulez aux offres publiées par Amazon Data Services France SAS, Amazon Online France SAS - C82 et Amazon Online France SAS ‌ ‌ ‌ ‌ ‌ ‌ ‌ ‌ ‌ ‌ ‌ ‌ ‌ ‌ ‌ ‌ ‌ ‌ ‌ ‌ ‌ ‌ ‌ ‌ ‌ ‌ ‌ ‌ ‌ ‌ ‌ ‌ ‌ ‌ ‌ ‌ ‌ ‌"
2025-04-06 13:41:20,Non-English,Your semester results are now available.
2025-04-06 13:41:20,Non-English,Your semester results are now available.
2025-04-06 13:41:20,Non-English,Fast services at your door. ﻿ ͏ ﻿ ͏ ﻿ ͏ ﻿ ͏ ﻿ ͏ ﻿ ͏ ﻿ ͏ ﻿ ͏ ﻿ ͏ ﻿ ͏ ﻿ ͏ ﻿ ͏ ﻿ ͏ ﻿ ͏ ﻿ ͏ ﻿ ͏ ﻿ ͏ ﻿ ͏ ﻿ ͏ ﻿ ͏ ﻿ ͏ ﻿ ͏ ﻿ ͏ ﻿ ͏ ﻿ ͏ ﻿ ͏ ﻿ ͏ ﻿ ͏ ﻿ ͏ ﻿ ͏ ﻿ ͏ ﻿ ͏ ﻿ ͏ ﻿ ͏ ﻿ ͏ ﻿ ͏ ﻿ ͏ ﻿ ͏ ﻿ ͏ ﻿ ͏ ﻿ ͏ ﻿ ͏ ﻿ ͏ ﻿
2025-04-06 13:41:20,Non-English,Accédez aux certificats technologiques premium des leaders du secteur avec Microsoft ͏ ‌ ﻿ ͏ ‌ ﻿ ͏ ‌ ﻿ ͏ ‌ ﻿ ͏ ‌ ﻿ ͏ ‌ ﻿ ͏ ‌ ﻿ ͏ ‌ ﻿ ͏ ‌ ﻿ ͏ ‌ ﻿ ͏ ‌ ﻿ ͏ ‌ ﻿ ͏ ‌ ﻿ ͏ ‌ ﻿ ͏ ‌ ﻿ ͏ ‌ ﻿ ͏ ‌ ﻿ ͏ ‌ ﻿ ͏ ‌ ﻿ ͏
2025-04-06 13:41:20,Non-English,Hiring now! ﻿ ͏ ﻿ ͏ ﻿ ͏ ﻿ ͏ ﻿ ͏ ﻿ ͏ ﻿ ͏ ﻿ ͏ ﻿ ͏ ﻿ ͏ ﻿ ͏ ﻿ ͏ ﻿ ͏ ﻿ ͏ ﻿ ͏ ﻿ ͏ ﻿ ͏ ﻿ ͏ ﻿ ͏ ﻿ ͏ ﻿ ͏ ﻿ ͏ ﻿ ͏ ﻿ ͏ ﻿ ͏ ﻿ ͏ ﻿ ͏ ﻿ ͏ ﻿ ͏ ﻿ ͏ ﻿ ͏ ﻿ ͏ ﻿ ͏ ﻿ ͏ ﻿ ͏ ﻿ ͏ ﻿ ͏ ﻿ ͏ ﻿ ͏ ﻿ ͏ ﻿ ͏ ﻿ ͏ ﻿ ͏ ﻿ ͏ ﻿ ͏ ﻿ ͏ ﻿ ͏ ﻿
2025-04-06 13:41:20,Non-English,Your semester results are now available.
2025-04-06 13:41:20,Non-English,Application Link inside! ﻿ ͏ ﻿ ͏ ﻿ ͏ ﻿ ͏ ﻿ ͏ ﻿ ͏ ﻿ ͏ ﻿ ͏ ﻿ ͏ ﻿ ͏ ﻿ ͏ ﻿ ͏ ﻿ ͏ ﻿ ͏ ﻿ ͏ ﻿ ͏ ﻿ ͏ ﻿ ͏ ﻿ ͏ ﻿ ͏ ﻿ ͏ ﻿ ͏ ﻿ ͏ ﻿ ͏ ﻿ ͏ ﻿ ͏ ﻿ ͏ ﻿ ͏ ﻿ ͏ ﻿ ͏ ﻿ ͏ ﻿ ͏ ﻿ ͏ ﻿ ͏ ﻿ ͏ ﻿ ͏ ﻿ ͏ ﻿ ͏ ﻿ ͏ ﻿ ͏ ﻿ ͏ ﻿ ͏ ﻿ ͏ ﻿ ͏
2025-04-06 13:41:20,Non-English,"Avinash Mynampati, application link inside. ﻿ ͏ ﻿ ͏ ﻿ ͏ ﻿ ͏ ﻿ ͏ ﻿ ͏ ﻿ ͏ ﻿ ͏ ﻿ ͏ ﻿ ͏ ﻿ ͏ ﻿ ͏ ﻿ ͏ ﻿ ͏ ﻿ ͏ ﻿ ͏ ﻿ ͏ ﻿ ͏ ﻿ ͏ ﻿ ͏ ﻿ ͏ ﻿ ͏ ﻿ ͏ ﻿ ͏ ﻿ ͏ ﻿ ͏ ﻿ ͏ ﻿ ͏ ﻿ ͏ ﻿ ͏ ﻿ ͏ ﻿ ͏ ﻿ ͏ ﻿ ͏ ﻿ ͏ ﻿ ͏ ﻿ ͏ ﻿ ͏ ﻿ ͏ ﻿"
2025-04-06 13:41:20,Non-English,Your semester results are now available.
2025-04-06 13:41:20,Non-English,Join with Amazon Business Analyst ͏ ‌ ﻿ ͏ ‌ ﻿ ͏ ‌ ﻿ ͏ ‌ ﻿ ͏ ‌ ﻿ ͏ ‌ ﻿ ͏ ‌ ﻿ ͏ ‌ ﻿ ͏ ‌ ﻿ ͏ ‌ ﻿ ͏ ‌ ﻿ ͏ ‌ ﻿ ͏ ‌ ﻿ ͏ ‌ ﻿ ͏ ‌ ﻿ ͏ ‌ ﻿ ͏ ‌ ﻿ ͏ ‌ ﻿ ͏ ‌ ﻿ ͏ ‌ ﻿ ͏ ‌ ﻿ ͏ ‌ ﻿ ͏ ‌ ﻿ ͏ ‌ ﻿ ͏ ‌ ﻿ ͏ ‌ ﻿ ͏ ‌ ﻿ ͏ ‌ ﻿
2025-04-06 13:41:20,Non-English,Your semester results are now available.
2025-04-06 13:41:21,Non-English,Your semester results are now available.
2025-04-06 13:41:21,Non-English,Join a live session to learn how ͏ ‌ ﻿ ͏ ‌ ﻿ ͏ ‌ ﻿ ͏ ‌ ﻿ ͏ ‌ ﻿ ͏ ‌ ﻿ ͏ ‌ ﻿ ͏ ‌ ﻿ ͏ ‌ ﻿ ͏ ‌ ﻿ ͏ ‌ ﻿ ͏ ‌ ﻿ ͏ ‌ ﻿ ͏ ‌ ﻿ ͏ ‌ ﻿ ͏ ‌ ﻿ ͏ ‌ ﻿ ͏ ‌ ﻿ ͏ ‌ ﻿ ͏ ‌ ﻿ ͏ ‌ ﻿ ͏ ‌ ﻿ ͏ ‌ ﻿ ͏ ‌ ﻿ ͏ ‌ ﻿ ͏ ‌ ﻿ ͏ ‌ ﻿ ͏ ‌ ﻿
2025-04-06 13:41:21,Non-English,Your semester results are now available.
2025-04-06 13:41:21,Non-English,Your semester results are now available.
2025-04-06 13:41:21,Non-English,Your semester results are now available.
2025-04-06 13:41:21,Non-English,"Avinash Mynampati, application link inside. ﻿ ͏ ﻿ ͏ ﻿ ͏ ﻿ ͏ ﻿ ͏ ﻿ ͏ ﻿ ͏ ﻿ ͏ ﻿ ͏ ﻿ ͏ ﻿ ͏ ﻿ ͏ ﻿ ͏ ﻿ ͏ ﻿ ͏ ﻿ ͏ ﻿ ͏ ﻿ ͏ ﻿ ͏ ﻿ ͏ ﻿ ͏ ﻿ ͏ ﻿ ͏ ﻿ ͏ ﻿ ͏ ﻿ ͏ ﻿ ͏ ﻿ ͏ ﻿ ͏ ﻿ ͏ ﻿ ͏ ﻿ ͏ ﻿ ͏ ﻿ ͏ ﻿ ͏ ﻿ ͏ ﻿ ͏ ﻿ ͏ ﻿ ͏ ﻿"
2025-04-06 13:41:21,Non-English,"Avinash Mynampati, view details. ﻿ ͏ ﻿ ͏ ﻿ ͏ ﻿ ͏ ﻿ ͏ ﻿ ͏ ﻿ ͏ ﻿ ͏ ﻿ ͏ ﻿ ͏ ﻿ ͏ ﻿ ͏ ﻿ ͏ ﻿ ͏ ﻿ ͏ ﻿ ͏ ﻿ ͏ ﻿ ͏ ﻿ ͏ ﻿ ͏ ﻿ ͏ ﻿ ͏ ﻿ ͏ ﻿ ͏ ﻿ ͏ ﻿ ͏ ﻿ ͏ ﻿ ͏ ﻿ ͏ ﻿ ͏ ﻿ ͏ ﻿ ͏ ﻿ ͏ ﻿ ͏ ﻿ ͏ ﻿ ͏ ﻿ ͏ ﻿ ͏ ﻿ ͏ ﻿ ͏ ﻿ ͏ ﻿ ͏"
2025-04-06 13:41:21,Non-English,Your semester results are now available.
2025-04-06 13:41:21,Non-English,Your semester results are now available.
2025-04-06 13:41:21,Non-English,Jobs that match your background ﻿ ͏ ﻿ ͏ ﻿ ͏ ﻿ ͏ ﻿ ͏ ﻿ ͏ ﻿ ͏ ﻿ ͏ ﻿ ͏ ﻿ ͏ ﻿ ͏ ﻿ ͏ ﻿ ͏ ﻿ ͏ ﻿ ͏ ﻿ ͏ ﻿ ͏ ﻿ ͏ ﻿ ͏ ﻿ ͏ ﻿ ͏ ﻿ ͏ ﻿ ͏ ﻿ ͏ ﻿ ͏ ﻿ ͏ ﻿ ͏ ﻿ ͏ ﻿ ͏ ﻿ ͏ ﻿ ͏ ﻿ ͏ ﻿ ͏ ﻿ ͏ ﻿ ͏ ﻿ ͏ ﻿ ͏ ﻿ ͏ ﻿ ͏ ﻿ ͏ ﻿ ͏ ﻿ ͏ ﻿
2025-04-06 13:41:21,Non-English,Your semester results are now available.
2025-04-06 13:41:21,Non-English,Your semester results are now available.
2025-04-06 13:41:21,Non-English,Posted on 3/25/2025 ͏ ͏ ͏ ͏ ͏ ͏ ͏ ͏ ͏ ͏ ͏ ͏ ͏ ͏ ͏ ͏ ͏ ͏ ͏ ͏ ͏ ͏ ͏ ͏ ͏ ͏ ͏ ͏ ͏ ͏ ͏ ͏ ͏ ͏ ͏ ͏ ͏ ͏ ͏ ͏ ͏ ͏ ͏ ͏ ͏ ͏ ͏ ͏ ͏ ͏ ͏ ͏ ͏ ͏ ͏ ͏ ͏ ͏ ͏ ͏ ͏ ͏ ͏ ͏ ͏ ͏ ͏ ͏ ͏ ͏ ͏ ͏ ͏ ͏ ͏ ͏ ͏ ͏ ͏ ͏ ͏ ͏ ͏ ͏ ͏ ͏ ͏ ͏ ͏ ͏ ͏
2025-04-06 13:41:21,Non-English,Get easy home cleaning services. ﻿ ͏ ﻿ ͏ ﻿ ͏ ﻿ ͏ ﻿ ͏ ﻿ ͏ ﻿ ͏ ﻿ ͏ ﻿ ͏ ﻿ ͏ ﻿ ͏ ﻿ ͏ ﻿ ͏ ﻿ ͏ ﻿ ͏ ﻿ ͏ ﻿ ͏ ﻿ ͏ ﻿ ͏ ﻿ ͏ ﻿ ͏ ﻿ ͏ ﻿ ͏ ﻿ ͏ ﻿ ͏ ﻿ ͏ ﻿ ͏ ﻿ ͏ ﻿ ͏ ﻿ ͏ ﻿ ͏ ﻿ ͏ ﻿ ͏ ﻿ ͏ ﻿ ͏ ﻿ ͏ ﻿ ͏ ﻿ ͏ ﻿ ͏ ﻿ ͏ ﻿ ͏ ﻿ ͏
2025-04-06 13:41:21,Non-English,Make space for happiness with a clean home ﻿ ͏ ﻿ ͏ ﻿ ͏ ﻿ ͏ ﻿ ͏ ﻿ ͏ ﻿ ͏ ﻿ ͏ ﻿ ͏ ﻿ ͏ ﻿ ͏ ﻿ ͏ ﻿ ͏ ﻿ ͏ ﻿ ͏ ﻿ ͏ ﻿ ͏ ﻿ ͏ ﻿ ͏ ﻿ ͏ ﻿ ͏ ﻿ ͏ ﻿ ͏ ﻿ ͏ ﻿ ͏ ﻿ ͏ ﻿ ͏ ﻿ ͏ ﻿ ͏ ﻿ ͏ ﻿ ͏ ﻿ ͏ ﻿ ͏ ﻿ ͏ ﻿ ͏ ﻿ ͏ ﻿ ͏ ﻿ ͏ ﻿ ͏ ﻿
2025-04-06 13:41:21,Non-English,Your semester results are now available.
2025-04-06 13:41:21,Non-English,Your semester results are now available.
2025-04-06 13:41:21,Non-English,Posted on 3/22/2025 ͏ ͏ ͏ ͏ ͏ ͏ ͏ ͏ ͏ ͏ ͏ ͏ ͏ ͏ ͏ ͏ ͏ ͏ ͏ ͏ ͏ ͏ ͏ ͏ ͏ ͏ ͏ ͏ ͏ ͏ ͏ ͏ ͏ ͏ ͏ ͏ ͏ ͏ ͏ ͏ ͏ ͏ ͏ ͏ ͏ ͏ ͏ ͏ ͏ ͏ ͏ ͏ ͏ ͏ ͏ ͏ ͏ ͏ ͏ ͏ ͏ ͏ ͏ ͏ ͏ ͏ ͏ ͏ ͏ ͏ ͏ ͏ ͏ ͏ ͏ ͏ ͏ ͏ ͏ ͏ ͏ ͏ ͏ ͏ ͏ ͏ ͏ ͏ ͏ ͏ ͏
2025-04-06 13:41:21,Non-English,Your easy relocation awaits. ﻿ ͏ ﻿ ͏ ﻿ ͏ ﻿ ͏ ﻿ ͏ ﻿ ͏ ﻿ ͏ ﻿ ͏ ﻿ ͏ ﻿ ͏ ﻿ ͏ ﻿ ͏ ﻿ ͏ ﻿ ͏ ﻿ ͏ ﻿ ͏ ﻿ ͏ ﻿ ͏ ﻿ ͏ ﻿ ͏ ﻿ ͏ ﻿ ͏ ﻿ ͏ ﻿ ͏ ﻿ ͏ ﻿ ͏ ﻿ ͏ ﻿ ͏ ﻿ ͏ ﻿ ͏ ﻿ ͏ ﻿ ͏ ﻿ ͏ ﻿ ͏ ﻿ ͏ ﻿ ͏ ﻿ ͏ ﻿ ͏ ﻿ ͏ ﻿ ͏ ﻿ ͏ ﻿ ͏ ﻿ ͏
2025-04-06 13:41:21,Non-English,Posted on 4/3/2025 ͏ ͏ ͏ ͏ ͏ ͏ ͏ ͏ ͏ ͏ ͏ ͏ ͏ ͏ ͏ ͏ ͏ ͏ ͏ ͏ ͏ ͏ ͏ ͏ ͏ ͏ ͏ ͏ ͏ ͏ ͏ ͏ ͏ ͏ ͏ ͏ ͏ ͏ ͏ ͏ ͏ ͏ ͏ ͏ ͏ ͏ ͏ ͏ ͏ ͏ ͏ ͏ ͏ ͏ ͏ ͏ ͏ ͏ ͏ ͏ ͏ ͏ ͏ ͏ ͏ ͏ ͏ ͏ ͏ ͏ ͏ ͏ ͏ ͏ ͏ ͏ ͏ ͏ ͏ ͏ ͏ ͏ ͏ ͏ ͏ ͏ ͏ ͏ ͏ ͏ ͏
2025-04-06 13:41:21,Non-English,"Postulez aux offres publiées par Amazon Data Services France SAS, Amazon Online France SAS - C82 et Amazon Online France SAS ‌ ‌ ‌ ‌ ‌ ‌ ‌ ‌ ‌ ‌ ‌ ‌ ‌ ‌ ‌ ‌ ‌ ‌ ‌ ‌ ‌ ‌ ‌ ‌ ‌ ‌ ‌ ‌ ‌ ‌ ‌ ‌ ‌ ‌ ‌ ‌ ‌ ‌"
2025-04-06 13:41:21,Non-English,Posted on 4/1/2025 ͏ ͏ ͏ ͏ ͏ ͏ ͏ ͏ ͏ ͏ ͏ ͏ ͏ ͏ ͏ ͏ ͏ ͏ ͏ ͏ ͏ ͏ ͏ ͏ ͏ ͏ ͏ ͏ ͏ ͏ ͏ ͏ ͏ ͏ ͏ ͏ ͏ ͏ ͏ ͏ ͏ ͏ ͏ ͏ ͏ ͏ ͏ ͏ ͏ ͏ ͏ ͏ ͏ ͏ ͏ ͏ ͏ ͏ ͏ ͏ ͏ ͏ ͏ ͏ ͏ ͏ ͏ ͏ ͏ ͏ ͏ ͏ ͏ ͏ ͏ ͏ ͏ ͏ ͏ ͏ ͏ ͏ ͏ ͏ ͏ ͏ ͏ ͏ ͏ ͏ ͏
2025-04-06 13:41:21,Non-English,Anuvind is waiting for your response ͏ ͏ ͏ ͏ ͏ ͏ ͏ ͏ ͏ ͏ ͏ ͏ ͏ ͏ ͏ ͏ ͏ ͏ ͏ ͏ ͏ ͏ ͏ ͏ ͏ ͏ ͏ ͏ ͏ ͏ ͏ ͏ ͏ ͏ ͏ ͏ ͏ ͏ ͏ ͏ ͏ ͏ ͏ ͏ ͏ ͏ ͏ ͏ ͏ ͏ ͏ ͏ ͏ ͏ ͏ ͏ ͏ ͏ ͏ ͏ ͏ ͏ ͏ ͏ ͏ ͏ ͏ ͏ ͏ ͏ ͏ ͏ ͏ ͏ ͏ ͏ ͏ ͏ ͏ ͏ ͏ ͏
2025-04-06 13:41:21,Non-English,Your last chance to unlock this coupon ‌ ‌ ‌ ‌ ‌ ‌ ‌ ‌ ‌ ‌ ‌ ‌ ‌ ‌ ‌ ‌ ‌ ‌ ‌ ‌ ‌ ‌ ‌ ‌ ‌ ‌ ‌ ‌ ‌ ‌ ‌ ‌ ‌ ‌ ‌ ‌ ‌ ‌ ‌ ‌ ‌ ‌ ‌ ‌ ‌ ‌ ‌ ‌ ‌ ‌ ‌ ‌ ‌ ‌ ‌ ‌ ‌ ‌ ‌ ‌ ‌ ‌ ‌ ‌ ‌ ‌ ‌ ‌ ‌ ‌ ‌ ‌ ‌ ‌ ‌ ‌ ‌ ‌ ‌ ‌ ‌
2025-04-06 13:41:21,Non-English,Insider strategies to crack DA interviews ͏ ‌ ﻿ ͏ ‌ ﻿ ͏ ‌ ﻿ ͏ ‌ ﻿ ͏ ‌ ﻿ ͏ ‌ ﻿ ͏ ‌ ﻿ ͏ ‌ ﻿ ͏ ‌ ﻿ ͏ ‌ ﻿ ͏ ‌ ﻿ ͏ ‌ ﻿ ͏ ‌ ﻿ ͏ ‌ ﻿ ͏ ‌ ﻿ ͏ ‌ ﻿ ͏ ‌ ﻿ ͏ ‌ ﻿ ͏ ‌ ﻿ ͏ ‌ ﻿ ͏ ‌ ﻿ ͏ ‌ ﻿ ͏ ‌ ﻿ ͏ ‌ ﻿ ͏ ‌ ﻿ ͏ ‌ ﻿ ͏ ‌
2025-04-06 13:41:21,Non-English,Your semester results are now available.
2025-04-06 13:41:21,Non-English,Your free photo and vector are waiting inside. ‌ ‌ ‌ ‌ ‌ ‌ ‌ ‌ ‌ ‌ ‌ ‌ ‌ ‌ ‌ ‌ ‌ ‌ ‌ ‌ ‌ ‌ ‌ ‌ ‌ ‌ ‌ ‌ ‌ ‌ ‌ ‌ ‌ ‌ ‌ ‌ ‌ ‌ ‌ ‌ ‌ ‌ ‌ ‌ ‌ ‌ ‌ ‌ ‌ ‌ ‌ ‌ ‌ ‌ ‌ ‌ ‌ ‌ ‌ ‌ ‌ ‌ ‌ ‌ ‌ ‌ ‌ ‌ ‌ ‌ ‌ ‌ ‌ ‌ ‌ ‌ ‌
2025-04-06 13:41:21,Non-English,Your semester results are now available.
2025-04-06 13:41:21,Non-English,Your semester results are now available.
2025-04-06 13:41:21,Non-English,Your semester results are now available.
2025-04-06 13:41:21,Non-English,Explore new picks for your next project. ‌ ‌ ‌ ‌ ‌ ‌ ‌ ‌ ‌ ‌ ‌ ‌ ‌ ‌ ‌ ‌ ‌ ‌ ‌ ‌ ‌ ‌ ‌ ‌ ‌ ‌ ‌ ‌ ‌ ‌ ‌ ‌ ‌ ‌ ‌ ‌ ‌ ‌ ‌ ‌ ‌ ‌ ‌ ‌ ‌ ‌ ‌ ‌ ‌ ‌ ‌ ‌ ‌ ‌ ‌ ‌ ‌ ‌ ‌ ‌ ‌ ‌ ‌ ‌ ‌ ‌ ‌ ‌ ‌ ‌ ‌ ‌ ‌ ‌ ‌ ‌ ‌ ‌ ‌ ‌
2025-04-06 13:41:21,Non-English,"Avinash Mynampati, view details. ﻿ ͏ ﻿ ͏ ﻿ ͏ ﻿ ͏ ﻿ ͏ ﻿ ͏ ﻿ ͏ ﻿ ͏ ﻿ ͏ ﻿ ͏ ﻿ ͏ ﻿ ͏ ﻿ ͏ ﻿ ͏ ﻿ ͏ ﻿ ͏ ﻿ ͏ ﻿ ͏ ﻿ ͏ ﻿ ͏ ﻿ ͏ ﻿ ͏ ﻿ ͏ ﻿ ͏ ﻿ ͏ ﻿ ͏ ﻿ ͏ ﻿ ͏ ﻿ ͏ ﻿ ͏ ﻿ ͏ ﻿ ͏ ﻿ ͏ ﻿ ͏ ﻿ ͏ ﻿ ͏ ﻿ ͏ ﻿ ͏ ﻿ ͏ ﻿ ͏ ﻿ ͏ ﻿ ͏"
2025-04-06 13:41:21,Non-English,Your semester results are now available.
2025-04-06 13:41:21,Non-English,Browse rentals without brokers. ﻿ ͏ ﻿ ͏ ﻿ ͏ ﻿ ͏ ﻿ ͏ ﻿ ͏ ﻿ ͏ ﻿ ͏ ﻿ ͏ ﻿ ͏ ﻿ ͏ ﻿ ͏ ﻿ ͏ ﻿ ͏ ﻿ ͏ ﻿ ͏ ﻿ ͏ ﻿ ͏ ﻿ ͏ ﻿ ͏ ﻿ ͏ ﻿ ͏ ﻿ ͏ ﻿ ͏ ﻿ ͏ ﻿ ͏ ﻿ ͏ ﻿ ͏ ﻿ ͏ ﻿ ͏ ﻿ ͏ ﻿ ͏ ﻿ ͏ ﻿ ͏ ﻿ ͏ ﻿ ͏ ﻿ ͏ ﻿ ͏ ﻿ ͏ ﻿ ͏ ﻿ ͏ ﻿ ͏ ﻿
2025-04-06 13:41:21,Non-English,"Cleaning, repairs &amp; more. ﻿ ͏ ﻿ ͏ ﻿ ͏ ﻿ ͏ ﻿ ͏ ﻿ ͏ ﻿ ͏ ﻿ ͏ ﻿ ͏ ﻿ ͏ ﻿ ͏ ﻿ ͏ ﻿ ͏ ﻿ ͏ ﻿ ͏ ﻿ ͏ ﻿ ͏ ﻿ ͏ ﻿ ͏ ﻿ ͏ ﻿ ͏ ﻿ ͏ ﻿ ͏ ﻿ ͏ ﻿ ͏ ﻿ ͏ ﻿ ͏ ﻿ ͏ ﻿ ͏ ﻿ ͏ ﻿ ͏ ﻿ ͏ ﻿ ͏ ﻿ ͏ ﻿ ͏ ﻿ ͏ ﻿ ͏ ﻿ ͏ ﻿ ͏ ﻿ ͏ ﻿ ͏ ﻿ ͏ ﻿ ͏"
2025-04-06 13:41:22,Non-English,Now Let&#39;s Perfect It! ͏ ‌ ﻿ ͏ ‌ ﻿ ͏ ‌ ﻿ ͏ ‌ ﻿ ͏ ‌ ﻿ ͏ ‌ ﻿ ͏ ‌ ﻿ ͏ ‌ ﻿ ͏ ‌ ﻿ ͏ ‌ ﻿ ͏ ‌ ﻿ ͏ ‌ ﻿ ͏ ‌ ﻿ ͏ ‌ ﻿ ͏ ‌ ﻿ ͏ ‌ ﻿ ͏ ‌ ﻿ ͏ ‌ ﻿ ͏ ‌ ﻿ ͏ ‌ ﻿ ͏ ‌ ﻿ ͏ ‌ ﻿ ͏ ‌ ﻿ ͏ ‌ ﻿ ͏ ‌ ﻿ ͏ ‌ ﻿ ͏ ‌ ﻿ ͏ ‌ ﻿ ͏ ‌ ﻿ ͏
2025-04-06 13:41:22,Non-English,Your semester results are now available.
2025-04-06 13:41:22,Non-English,"Avinash, check out the latest trending posts from the community 🔥 ‌​‍‎‏﻿ ‌​‍‎‏﻿ ‌​‍‎‏﻿ ‌​‍‎‏﻿ ‌​‍‎‏﻿ ‌​‍‎‏﻿ ‌​‍‎‏﻿ ‌​‍‎‏﻿ ‌​‍‎‏﻿ ‌​‍‎‏﻿ ‌​‍‎‏﻿ ‌​‍‎‏﻿ ‌​‍‎‏﻿ ‌​‍‎‏﻿ ‌​‍‎‏﻿ ‌​‍‎‏﻿ ‌​‍‎‏﻿ ‌​‍‎‏﻿ ‌​‍‎‏﻿ ‌​"
2025-04-06 13:41:22,Non-English,Your semester results are now available.
2025-04-06 13:41:22,Non-English,Join a live session to learn how ͏ ‌ ﻿ ͏ ‌ ﻿ ͏ ‌ ﻿ ͏ ‌ ﻿ ͏ ‌ ﻿ ͏ ‌ ﻿ ͏ ‌ ﻿ ͏ ‌ ﻿ ͏ ‌ ﻿ ͏ ‌ ﻿ ͏ ‌ ﻿ ͏ ‌ ﻿ ͏ ‌ ﻿ ͏ ‌ ﻿ ͏ ‌ ﻿ ͏ ‌ ﻿ ͏ ‌ ﻿ ͏ ‌ ﻿ ͏ ‌ ﻿ ͏ ‌ ﻿ ͏ ‌ ﻿ ͏ ‌ ﻿ ͏ ‌ ﻿ ͏ ‌ ﻿ ͏ ‌ ﻿ ͏ ‌ ﻿ ͏ ‌ ﻿ ͏ ‌ ﻿
2025-04-06 13:41:22,Non-English,Your semester results are now available.
2025-04-06 13:41:22,Non-English,Your semester results are now available.
2025-04-06 13:41:22,Non-English,Your semester results are now available.
2025-04-06 13:41:22,Non-English,Join with Amazon Business Analyst ͏ ‌ ﻿ ͏ ‌ ﻿ ͏ ‌ ﻿ ͏ ‌ ﻿ ͏ ‌ ﻿ ͏ ‌ ﻿ ͏ ‌ ﻿ ͏ ‌ ﻿ ͏ ‌ ﻿ ͏ ‌ ﻿ ͏ ‌ ﻿ ͏ ‌ ﻿ ͏ ‌ ﻿ ͏ ‌ ﻿ ͏ ‌ ﻿ ͏ ‌ ﻿ ͏ ‌ ﻿ ͏ ‌ ﻿ ͏ ‌ ﻿ ͏ ‌ ﻿ ͏ ‌ ﻿ ͏ ‌ ﻿ ͏ ‌ ﻿ ͏ ‌ ﻿ ͏ ‌ ﻿ ͏ ‌ ﻿ ͏ ‌ ﻿ ͏ ‌ ﻿
2025-04-06 13:41:22,Non-English,Your semester results are now available.
2025-04-06 13:41:22,Non-English,Insider strategies to crack DA interviews ͏ ‌ ﻿ ͏ ‌ ﻿ ͏ ‌ ﻿ ͏ ‌ ﻿ ͏ ‌ ﻿ ͏ ‌ ﻿ ͏ ‌ ﻿ ͏ ‌ ﻿ ͏ ‌ ﻿ ͏ ‌ ﻿ ͏ ‌ ﻿ ͏ ‌ ﻿ ͏ ‌ ﻿ ͏ ‌ ﻿ ͏ ‌ ﻿ ͏ ‌ ﻿ ͏ ‌ ﻿ ͏ ‌ ﻿ ͏ ‌ ﻿ ͏ ‌ ﻿ ͏ ‌ ﻿ ͏ ‌ ﻿ ͏ ‌ ﻿ ͏ ‌ ﻿ ͏ ‌ ﻿ ͏ ‌ ﻿ ͏ ‌
2025-04-06 13:41:22,Non-English,End-to-end assistance with Tenant Plans✅ ﻿ ͏ ﻿ ͏ ﻿ ͏ ﻿ ͏ ﻿ ͏ ﻿ ͏ ﻿ ͏ ﻿ ͏ ﻿ ͏ ﻿ ͏ ﻿ ͏ ﻿ ͏ ﻿ ͏ ﻿ ͏ ﻿ ͏ ﻿ ͏ ﻿ ͏ ﻿ ͏ ﻿ ͏ ﻿ ͏ ﻿ ͏ ﻿ ͏ ﻿ ͏ ﻿ ͏ ﻿ ͏ ﻿ ͏ ﻿ ͏ ﻿ ͏ ﻿ ͏ ﻿ ͏ ﻿ ͏ ﻿ ͏ ﻿ ͏ ﻿ ͏ ﻿ ͏ ﻿ ͏ ﻿ ͏ ﻿ ͏ ﻿ ͏ ﻿ ͏
2025-04-06 13:41:22,Non-English,Browse rentals without brokers ﻿ ͏ ﻿ ͏ ﻿ ͏ ﻿ ͏ ﻿ ͏ ﻿ ͏ ﻿ ͏ ﻿ ͏ ﻿ ͏ ﻿ ͏ ﻿ ͏ ﻿ ͏ ﻿ ͏ ﻿ ͏ ﻿ ͏ ﻿ ͏ ﻿ ͏ ﻿ ͏ ﻿ ͏ ﻿ ͏ ﻿ ͏ ﻿ ͏ ﻿ ͏ ﻿ ͏ ﻿ ͏ ﻿ ͏ ﻿ ͏ ﻿ ͏ ﻿ ͏ ﻿ ͏ ﻿ ͏ ﻿ ͏ ﻿ ͏ ﻿ ͏ ﻿ ͏ ﻿ ͏ ﻿ ͏ ﻿ ͏ ﻿ ͏ ﻿ ͏ ﻿ ͏ ﻿ ͏ ﻿
2025-04-06 13:41:22,Non-English,Your semester results are now available.
2025-04-06 13:41:22,Non-English,Your semester results are now available.
2025-04-06 13:41:22,Non-English,Your semester results are now available.
2025-04-06 13:41:22,Non-English,Finish setup 📲 ‌ ‌ ‌ ‌ ‌ ‌ ‌ ‌ ‌ ‌ ‌ ‌ ‌ ‌ ‌ ‌ ‌ ‌ ‌ ‌ ‌ ‌ ‌ ‌ ‌ ‌ ‌ ‌ ‌ ‌ ‌ ‌ ‌ ‌ ‌ ‌ ‌ ‌ ‌ ‌ ‌ ‌ ‌ ‌ ‌ ‌ ‌ ‌ ‌ ‌ ‌ ‌ ‌ ‌ ‌ ‌ ‌ ‌ ‌ ‌ ‌ ‌ ‌ ‌ ‌ ‌ ‌ ‌ ‌ ‌ ‌ ‌ ‌ ‌ ‌ ‌ ‌ ‌ ‌ ‌ ‌ ‌ ‌ ‌ ‌ ‌ ‌ ‌ ‌ ‌ ‌ ‌ ‌
2025-04-06 13:41:22,Non-English,Make space for happiness with a clean home ﻿ ͏ ﻿ ͏ ﻿ ͏ ﻿ ͏ ﻿ ͏ ﻿ ͏ ﻿ ͏ ﻿ ͏ ﻿ ͏ ﻿ ͏ ﻿ ͏ ﻿ ͏ ﻿ ͏ ﻿ ͏ ﻿ ͏ ﻿ ͏ ﻿ ͏ ﻿ ͏ ﻿ ͏ ﻿ ͏ ﻿ ͏ ﻿ ͏ ﻿ ͏ ﻿ ͏ ﻿ ͏ ﻿ ͏ ﻿ ͏ ﻿ ͏ ﻿ ͏ ﻿ ͏ ﻿ ͏ ﻿ ͏ ﻿ ͏ ﻿ ͏ ﻿ ͏ ﻿ ͏ ﻿ ͏ ﻿ ͏ ﻿ ͏ ﻿
2025-04-06 13:41:22,Non-English,Your semester results are now available.
2025-04-06 13:41:22,Non-English,Admit secured at Rank 21 university ͏ ‌ ﻿ ͏ ‌ ﻿ ͏ ‌ ﻿ ͏ ‌ ﻿ ͏ ‌ ﻿ ͏ ‌ ﻿ ͏ ‌ ﻿ ͏ ‌ ﻿ ͏ ‌ ﻿ ͏ ‌ ﻿ ͏ ‌ ﻿ ͏ ‌ ﻿ ͏ ‌ ﻿ ͏ ‌ ﻿ ͏ ‌ ﻿ ͏ ‌ ﻿ ͏ ‌ ﻿ ͏ ‌ ﻿ ͏ ‌ ﻿ ͏ ‌ ﻿ ͏ ‌ ﻿ ͏ ‌ ﻿ ͏ ‌ ﻿ ͏ ‌ ﻿ ͏ ‌ ﻿ ͏ ‌ ﻿ ͏ ‌ ﻿ ͏ ‌
2025-04-06 13:41:22,Non-English,"Don&#39;t wait, only 4 days left! ‌ ‌ ‌ ‌ ‌ ‌ ‌ ‌ ‌ ‌ ‌ ‌ ‌ ‌ ‌ ‌ ‌ ‌ ‌ ‌ ‌ ‌ ‌ ‌ ‌ ‌ ‌ ‌ ‌ ‌ ‌ ‌ ‌ ‌ ‌ ‌ ‌ ‌ ‌ ‌ ‌ ‌ ‌ ‌ ‌ ‌ ‌ ‌ ‌ ‌ ‌ ‌ ‌ ‌ ‌ ‌ ‌ ‌ ‌ ‌ ‌ ‌ ‌ ‌ ‌ ‌ ‌ ‌ ‌ ‌ ‌ ‌ ‌ ‌ ‌ ‌ ‌ ‌ ‌ ‌ ‌ ‌ ‌ ‌"
2025-04-06 13:41:22,Non-English,"Avinash Mynampati, preparation link inside. ﻿ ͏ ﻿ ͏ ﻿ ͏ ﻿ ͏ ﻿ ͏ ﻿ ͏ ﻿ ͏ ﻿ ͏ ﻿ ͏ ﻿ ͏ ﻿ ͏ ﻿ ͏ ﻿ ͏ ﻿ ͏ ﻿ ͏ ﻿ ͏ ﻿ ͏ ﻿ ͏ ﻿ ͏ ﻿ ͏ ﻿ ͏ ﻿ ͏ ﻿ ͏ ﻿ ͏ ﻿ ͏ ﻿ ͏ ﻿ ͏ ﻿ ͏ ﻿ ͏ ﻿ ͏ ﻿ ͏ ﻿ ͏ ﻿ ͏ ﻿ ͏ ﻿ ͏ ﻿ ͏ ﻿ ͏ ﻿ ͏ ﻿ ͏ ﻿"
2025-04-06 13:41:22,Non-English,Pranav is waiting for your response ͏ ͏ ͏ ͏ ͏ ͏ ͏ ͏ ͏ ͏ ͏ ͏ ͏ ͏ ͏ ͏ ͏ ͏ ͏ ͏ ͏ ͏ ͏ ͏ ͏ ͏ ͏ ͏ ͏ ͏ ͏ ͏ ͏ ͏ ͏ ͏ ͏ ͏ ͏ ͏ ͏ ͏ ͏ ͏ ͏ ͏ ͏ ͏ ͏ ͏ ͏ ͏ ͏ ͏ ͏ ͏ ͏ ͏ ͏ ͏ ͏ ͏ ͏ ͏ ͏ ͏ ͏ ͏ ͏ ͏ ͏ ͏ ͏ ͏ ͏ ͏ ͏ ͏ ͏ ͏ ͏ ͏ ͏
2025-04-06 13:41:22,Non-English,"Avinash Mynampati, view details. ﻿ ͏ ﻿ ͏ ﻿ ͏ ﻿ ͏ ﻿ ͏ ﻿ ͏ ﻿ ͏ ﻿ ͏ ﻿ ͏ ﻿ ͏ ﻿ ͏ ﻿ ͏ ﻿ ͏ ﻿ ͏ ﻿ ͏ ﻿ ͏ ﻿ ͏ ﻿ ͏ ﻿ ͏ ﻿ ͏ ﻿ ͏ ﻿ ͏ ﻿ ͏ ﻿ ͏ ﻿ ͏ ﻿ ͏ ﻿ ͏ ﻿ ͏ ﻿ ͏ ﻿ ͏ ﻿ ͏ ﻿ ͏ ﻿ ͏ ﻿ ͏ ﻿ ͏ ﻿ ͏ ﻿ ͏ ﻿ ͏ ﻿ ͏ ﻿ ͏ ﻿ ͏ ﻿ ͏"
2025-04-06 13:41:22,Non-English,Your semester results are now available.
2025-04-06 13:41:22,Non-English,Your semester results are now available.
2025-04-06 13:41:22,Non-English,"Postulez aux offres publiées par Amazon Data Services France SAS, Amazon Online France SAS et Amazon EU SARL (FR) ‌ ‌ ‌ ‌ ‌ ‌ ‌ ‌ ‌ ‌ ‌ ‌ ‌ ‌ ‌ ‌ ‌ ‌ ‌ ‌ ‌ ‌ ‌ ‌ ‌ ‌ ‌ ‌ ‌ ‌ ‌ ‌ ‌ ‌ ‌ ‌ ‌ ‌ ‌ ‌ ‌ ‌ ‌ ‌"
2025-04-06 13:41:22,Non-English,Don&#39;t miss this chance to save! ﻿͏ ﻿͏ ﻿͏ ﻿͏ ﻿͏ ﻿͏ ﻿͏ ﻿͏ ﻿͏ ﻿͏ ﻿͏ ﻿͏ ﻿͏ ﻿͏ ﻿͏ ﻿͏ ﻿͏ ﻿͏ ﻿͏ ﻿͏ ﻿͏ ﻿͏ ﻿͏ ﻿͏ ﻿͏ ﻿͏ ﻿͏ ﻿͏ ﻿͏ ﻿͏ ﻿͏ ﻿͏ ﻿͏ ﻿͏ ﻿͏ ﻿͏ ﻿͏ ﻿͏ ﻿͏ ﻿͏ ﻿͏ ﻿͏ ﻿͏ ﻿͏ ﻿͏ ﻿͏ ﻿͏ ﻿͏ ﻿͏ ﻿͏ ﻿͏ ﻿͏ ﻿͏ ﻿͏ ﻿͏
2025-04-06 13:41:22,Non-English,Hiring now! ﻿ ͏ ﻿ ͏ ﻿ ͏ ﻿ ͏ ﻿ ͏ ﻿ ͏ ﻿ ͏ ﻿ ͏ ﻿ ͏ ﻿ ͏ ﻿ ͏ ﻿ ͏ ﻿ ͏ ﻿ ͏ ﻿ ͏ ﻿ ͏ ﻿ ͏ ﻿ ͏ ﻿ ͏ ﻿ ͏ ﻿ ͏ ﻿ ͏ ﻿ ͏ ﻿ ͏ ﻿ ͏ ﻿ ͏ ﻿ ͏ ﻿ ͏ ﻿ ͏ ﻿ ͏ ﻿ ͏ ﻿ ͏ ﻿ ͏ ﻿ ͏ ﻿ ͏ ﻿ ͏ ﻿ ͏ ﻿ ͏ ﻿ ͏ ﻿ ͏ ﻿ ͏ ﻿ ͏ ﻿ ͏ ﻿ ͏ ﻿ ͏ ﻿ ͏ ﻿ ͏ ﻿
2025-04-06 13:41:22,Non-English,Your semester results are now available.
2025-04-06 13:41:22,Non-English,"Postulez aux offres publiées par Amazon France Services SaS, Amazon France Transport SAS et Amazon Data Services France SAS ‌ ‌ ‌ ‌ ‌ ‌ ‌ ‌ ‌ ‌ ‌ ‌ ‌ ‌ ‌ ‌ ‌ ‌ ‌ ‌ ‌ ‌ ‌ ‌ ‌ ‌ ‌ ‌ ‌ ‌ ‌ ‌ ‌ ‌ ‌ ‌ ‌ ‌ ‌"
2025-04-06 13:41:22,Non-English,Check out how to get even more impressions! ͏ ͏ ͏ ͏ ͏ ͏ ͏ ͏ ͏ ͏ ͏ ͏ ͏ ͏ ͏ ͏ ͏ ͏ ͏ ͏ ͏ ͏ ͏ ͏ ͏ ͏ ͏ ͏ ͏ ͏ ͏ ͏ ͏ ͏ ͏ ͏ ͏ ͏ ͏ ͏ ͏ ͏ ͏ ͏ ͏ ͏ ͏ ͏ ͏ ͏ ͏ ͏ ͏ ͏ ͏ ͏ ͏ ͏ ͏ ͏ ͏ ͏ ͏ ͏ ͏ ͏ ͏ ͏ ͏ ͏ ͏ ͏ ͏ ͏ ͏ ͏ ͏ ͏ ͏
2025-04-06 13:41:22,Non-English,Enjoy your free trial. ͏ ͏ ͏ ͏ ͏ ͏ ͏ ͏ ͏ ͏ ͏ ͏ ͏ ͏ ͏ ͏ ͏ ͏ ͏ ͏ ͏ ͏ ͏ ͏ ͏ ͏ ͏ ͏ ͏ ͏ ͏ ͏ ͏ ͏ ͏ ͏ ͏ ͏ ͏ ͏ ͏ ͏ ͏ ͏ ͏ ͏ ͏ ͏ ͏ ͏ ͏ ͏ ͏ ͏ ͏ ͏ ͏ ͏ ͏ ͏ ͏ ͏ ͏ ͏ ͏ ͏ ͏ ͏ ͏ ͏ ͏ ͏ ͏ ͏ ͏ ͏ ͏ ͏ ͏ ͏ ͏ ͏ ͏ ͏ ͏ ͏ ͏ ͏ ͏
2025-04-06 13:41:22,Non-English,Your semester results are now available.
2025-04-06 13:41:22,Non-English,1 new message awaits your response ͏ ͏ ͏ ͏ ͏ ͏ ͏ ͏ ͏ ͏ ͏ ͏ ͏ ͏ ͏ ͏ ͏ ͏ ͏ ͏ ͏ ͏ ͏ ͏ ͏ ͏ ͏ ͏ ͏ ͏ ͏ ͏ ͏ ͏ ͏ ͏ ͏ ͏ ͏ ͏ ͏ ͏ ͏ ͏ ͏ ͏ ͏ ͏ ͏ ͏ ͏ ͏ ͏ ͏ ͏ ͏ ͏ ͏ ͏ ͏ ͏ ͏ ͏ ͏ ͏ ͏ ͏ ͏ ͏ ͏ ͏ ͏ ͏ ͏ ͏ ͏ ͏ ͏ ͏ ͏ ͏ ͏ ͏
2025-04-06 13:41:22,Non-English,Accès illimité. Plus de 10 000 façons d&#39;évoluer. Lancez-vous avec Coursera Plus aujourd&#39;hui. ͏ ‌ ﻿ ͏ ‌ ﻿ ͏ ‌ ﻿ ͏ ‌ ﻿ ͏ ‌ ﻿ ͏ ‌ ﻿ ͏ ‌ ﻿ ͏ ‌ ﻿ ͏ ‌ ﻿ ͏ ‌ ﻿ ͏ ‌ ﻿ ͏ ‌ ﻿ ͏ ‌ ﻿ ͏ ‌ ﻿ ͏ ‌ ﻿ ͏ ‌ ﻿ ͏ ‌
2025-04-06 13:41:23,Non-English,Your semester results are now available.
2025-04-06 13:41:23,Non-English,Latest job opportunities in your field. ﻿ ͏ ﻿ ͏ ﻿ ͏ ﻿ ͏ ﻿ ͏ ﻿ ͏ ﻿ ͏ ﻿ ͏ ﻿ ͏ ﻿ ͏ ﻿ ͏ ﻿ ͏ ﻿ ͏ ﻿ ͏ ﻿ ͏ ﻿ ͏ ﻿ ͏ ﻿ ͏ ﻿ ͏ ﻿ ͏ ﻿ ͏ ﻿ ͏ ﻿ ͏ ﻿ ͏ ﻿ ͏ ﻿ ͏ ﻿ ͏ ﻿ ͏ ﻿ ͏ ﻿ ͏ ﻿ ͏ ﻿ ͏ ﻿ ͏ ﻿ ͏ ﻿ ͏ ﻿ ͏ ﻿ ͏ ﻿ ͏ ﻿ ͏ ﻿ ͏ ﻿
2025-04-06 13:41:23,Non-English,"Postulez aux offres publiées par Amazon Online France SAS, Amazon Online France SAS - C82 et Amazon France Transport SAS ‌ ‌ ‌ ‌ ‌ ‌ ‌ ‌ ‌ ‌ ‌ ‌ ‌ ‌ ‌ ‌ ‌ ‌ ‌ ‌ ‌ ‌ ‌ ‌ ‌ ‌ ‌ ‌ ‌ ‌ ‌ ‌ ‌ ‌ ‌ ‌ ‌ ‌ ‌ ‌"
2025-04-06 13:41:23,Non-English,Hiring now! ﻿ ͏ ﻿ ͏ ﻿ ͏ ﻿ ͏ ﻿ ͏ ﻿ ͏ ﻿ ͏ ﻿ ͏ ﻿ ͏ ﻿ ͏ ﻿ ͏ ﻿ ͏ ﻿ ͏ ﻿ ͏ ﻿ ͏ ﻿ ͏ ﻿ ͏ ﻿ ͏ ﻿ ͏ ﻿ ͏ ﻿ ͏ ﻿ ͏ ﻿ ͏ ﻿ ͏ ﻿ ͏ ﻿ ͏ ﻿ ͏ ﻿ ͏ ﻿ ͏ ﻿ ͏ ﻿ ͏ ﻿ ͏ ﻿ ͏ ﻿ ͏ ﻿ ͏ ﻿ ͏ ﻿ ͏ ﻿ ͏ ﻿ ͏ ﻿ ͏ ﻿ ͏ ﻿ ͏ ﻿ ͏ ﻿ ͏ ﻿ ͏ ﻿ ͏ ﻿ ͏ ﻿
2025-04-06 13:41:23,Non-English,Your semester results are now available.
2025-04-06 13:41:23,Non-English,Members get an extra 5% off sitewide* ‌ ‌ ‌ ‌ ‌ ‌ ‌ ‌ ‌ ‌ ‌ ‌ ‌ ‌ ‌ ‌ ‌ ‌ ‌ ‌ ‌ ‌ ‌ ‌ ‌ ‌ ‌ ‌ ‌ ‌ ‌ ‌ ‌ ‌ ‌ ‌ ‌ ‌ ‌ ‌ ‌ ‌ ‌ ‌ ‌ ‌ ‌ ‌ ‌ ‌ ‌ ‌ ‌ ‌ ‌ ‌ ‌ ‌ ‌ ‌ ‌ ‌ ‌ ‌ ‌ ‌ ‌ ‌ ‌ ‌ ‌ ‌ ‌ ‌ ‌ ‌ ‌ ‌ ‌ ‌ ‌ ‌
2025-04-06 13:41:23,Non-English,Your semester results are now available.
2025-04-06 13:41:23,Non-English,Your semester results are now available.
2025-04-06 13:41:23,Non-English,Your semester results are now available.
2025-04-06 13:41:23,Non-English,Your semester results are now available.
2025-04-06 13:41:23,Non-English,Your semester results are now available.
2025-04-06 13:41:23,Non-English,Your semester results are now available.
2025-04-06 13:41:23,Non-English,Your semester results are now available.
2025-04-06 13:41:23,Non-English,Your semester results are now available.
2025-04-06 13:41:23,Non-English,Your semester results are now available.
2025-04-06 13:41:23,Non-English,Your semester results are now available.
2025-04-06 13:41:23,Non-English,Crack the preparation ﻿ ͏ ﻿ ͏ ﻿ ͏ ﻿ ͏ ﻿ ͏ ﻿ ͏ ﻿ ͏ ﻿ ͏ ﻿ ͏ ﻿ ͏ ﻿ ͏ ﻿ ͏ ﻿ ͏ ﻿ ͏ ﻿ ͏ ﻿ ͏ ﻿ ͏ ﻿ ͏ ﻿ ͏ ﻿ ͏ ﻿ ͏ ﻿ ͏ ﻿ ͏ ﻿ ͏ ﻿ ͏ ﻿ ͏ ﻿ ͏ ﻿ ͏ ﻿ ͏ ﻿ ͏ ﻿ ͏ ﻿ ͏ ﻿ ͏ ﻿ ͏ ﻿ ͏ ﻿ ͏ ﻿ ͏ ﻿ ͏ ﻿ ͏ ﻿ ͏ ﻿ ͏ ﻿ ͏ ﻿ ͏ ﻿ ͏ ﻿ ͏
2025-04-06 13:41:23,Non-English,Your semester results are now available.
2025-04-06 13:41:23,Non-English,Your semester results are now available.
2025-04-06 13:41:23,Non-English,"Postulez aux offres publiées par Amazon Data Services France SAS, Amazon Online France SAS et Amazon France Services SaS ‌ ‌ ‌ ‌ ‌ ‌ ‌ ‌ ‌ ‌ ‌ ‌ ‌ ‌ ‌ ‌ ‌ ‌ ‌ ‌ ‌ ‌ ‌ ‌ ‌ ‌ ‌ ‌ ‌ ‌ ‌ ‌ ‌ ‌ ‌ ‌ ‌ ‌ ‌ ‌"
2025-04-06 13:41:23,Non-English,Stay on top of the trends ‌ ‌ ‌ ‌ ‌ ‌ ‌ ‌ ‌ ‌ ‌ ‌ ‌ ‌ ‌ ‌ ‌ ‌ ‌ ‌ ͏ ‌ ‌ ‌ ‌ ‌ ‌ ‌ ‌ ‌ ‌ ‌ ‌ ‌ ‌ ‌ ‌ ‌ ‌ ‌ ‌ ‌ ͏ ‌ ‌ ‌ ‌ ‌ ‌ ‌ ‌ ‌ ‌ ‌ ‌ ‌ ‌ ‌ ‌ ‌ ‌ ‌ ‌ ‌ ͏ ‌ ‌ ‌ ‌ ‌ ‌ ‌ ‌ ‌ ‌ ‌ ‌ ‌ ‌ ‌ ‌ ‌ ‌ ‌ ‌ ‌ ͏ ‌
2025-04-06 13:41:23,Non-English,Application Link inside! ﻿ ͏ ﻿ ͏ ﻿ ͏ ﻿ ͏ ﻿ ͏ ﻿ ͏ ﻿ ͏ ﻿ ͏ ﻿ ͏ ﻿ ͏ ﻿ ͏ ﻿ ͏ ﻿ ͏ ﻿ ͏ ﻿ ͏ ﻿ ͏ ﻿ ͏ ﻿ ͏ ﻿ ͏ ﻿ ͏ ﻿ ͏ ﻿ ͏ ﻿ ͏ ﻿ ͏ ﻿ ͏ ﻿ ͏ ﻿ ͏ ﻿ ͏ ﻿ ͏ ﻿ ͏ ﻿ ͏ ﻿ ͏ ﻿ ͏ ﻿ ͏ ﻿ ͏ ﻿ ͏ ﻿ ͏ ﻿ ͏ ﻿ ͏ ﻿ ͏ ﻿ ͏ ﻿ ͏ ﻿ ͏ ﻿ ͏
2025-04-06 13:41:23,Non-English,"Avinash, check out the latest trending posts from the community 🔥 ‌​‍‎‏﻿ ‌​‍‎‏﻿ ‌​‍‎‏﻿ ‌​‍‎‏﻿ ‌​‍‎‏﻿ ‌​‍‎‏﻿ ‌​‍‎‏﻿ ‌​‍‎‏﻿ ‌​‍‎‏﻿ ‌​‍‎‏﻿ ‌​‍‎‏﻿ ‌​‍‎‏﻿ ‌​‍‎‏﻿ ‌​‍‎‏﻿ ‌​‍‎‏﻿ ‌​‍‎‏﻿ ‌​‍‎‏﻿ ‌​‍‎‏﻿ ‌​‍‎‏﻿ ‌​"
2025-04-06 13:41:23,Non-English,"Enjoy up to 25% off, tap here for your special code🎟️ ﻿ ͏ ﻿ ͏ ﻿ ͏ ﻿ ͏ ﻿ ͏ ﻿ ͏ ﻿ ͏ ﻿ ͏ ﻿ ͏ ﻿ ͏ ﻿ ͏ ﻿ ͏ ﻿ ͏ ﻿ ͏ ﻿ ͏ ﻿ ͏ ﻿ ͏ ﻿ ͏ ﻿ ͏ ﻿ ͏ ﻿ ͏ ﻿ ͏ ﻿ ͏ ﻿ ͏ ﻿ ͏ ﻿ ͏ ﻿ ͏ ﻿ ͏ ﻿ ͏ ﻿ ͏ ﻿ ͏ ﻿ ͏ ﻿ ͏ ﻿ ͏ ﻿ ͏ ﻿ ͏ ﻿ ͏"
2025-04-06 13:41:23,Non-English,Your semester results are now available.
2025-04-06 13:41:23,Non-English,Latest job opportunities in your field. ﻿ ͏ ﻿ ͏ ﻿ ͏ ﻿ ͏ ﻿ ͏ ﻿ ͏ ﻿ ͏ ﻿ ͏ ﻿ ͏ ﻿ ͏ ﻿ ͏ ﻿ ͏ ﻿ ͏ ﻿ ͏ ﻿ ͏ ﻿ ͏ ﻿ ͏ ﻿ ͏ ﻿ ͏ ﻿ ͏ ﻿ ͏ ﻿ ͏ ﻿ ͏ ﻿ ͏ ﻿ ͏ ﻿ ͏ ﻿ ͏ ﻿ ͏ ﻿ ͏ ﻿ ͏ ﻿ ͏ ﻿ ͏ ﻿ ͏ ﻿ ͏ ﻿ ͏ ﻿ ͏ ﻿ ͏ ﻿ ͏ ﻿ ͏ ﻿ ͏ ﻿
2025-04-06 13:41:23,Non-English,Fast services at your door. ﻿ ͏ ﻿ ͏ ﻿ ͏ ﻿ ͏ ﻿ ͏ ﻿ ͏ ﻿ ͏ ﻿ ͏ ﻿ ͏ ﻿ ͏ ﻿ ͏ ﻿ ͏ ﻿ ͏ ﻿ ͏ ﻿ ͏ ﻿ ͏ ﻿ ͏ ﻿ ͏ ﻿ ͏ ﻿ ͏ ﻿ ͏ ﻿ ͏ ﻿ ͏ ﻿ ͏ ﻿ ͏ ﻿ ͏ ﻿ ͏ ﻿ ͏ ﻿ ͏ ﻿ ͏ ﻿ ͏ ﻿ ͏ ﻿ ͏ ﻿ ͏ ﻿ ͏ ﻿ ͏ ﻿ ͏ ﻿ ͏ ﻿ ͏ ﻿ ͏ ﻿ ͏ ﻿ ͏ ﻿ ͏ ﻿
2025-04-06 13:41:23,Non-English,2 new messages await your response ͏ ͏ ͏ ͏ ͏ ͏ ͏ ͏ ͏ ͏ ͏ ͏ ͏ ͏ ͏ ͏ ͏ ͏ ͏ ͏ ͏ ͏ ͏ ͏ ͏ ͏ ͏ ͏ ͏ ͏ ͏ ͏ ͏ ͏ ͏ ͏ ͏ ͏ ͏ ͏ ͏ ͏ ͏ ͏ ͏ ͏ ͏ ͏ ͏ ͏ ͏ ͏ ͏ ͏ ͏ ͏ ͏ ͏ ͏ ͏ ͏ ͏ ͏ ͏ ͏ ͏ ͏ ͏ ͏ ͏ ͏ ͏ ͏ ͏ ͏ ͏ ͏ ͏ ͏ ͏ ͏ ͏ ͏
2025-04-06 13:41:23,Non-English,Your semester results are now available.
2025-04-06 13:41:23,Non-English,Your semester results are now available.
